order_id,customer_id,order_date,order_value,product_category,quantity,discount_pct,payment_method,return_flag
O00001,C0001,2022-04-24,99.08,Toys,5,0,Credit Card,N
O00002,C0001,2022-04-27,206.6,Sports,2,20,PayPal,N
O00003,C0001,2022-08-09,217.81,Electronics,4,15,Apple Pay,N
O00004,C0001,2022-10-07,134.26,Automotive,2,10,Bank Transfer,N
O00005,C0001,2022-10-18,110.27,Electronics,4,0,Apple Pay,N
O00006,C0001,2022-11-12,442.09,Health,4,10,Apple Pay,N
O00007,C0001,2022-12-20,201.6,Toys,1,0,Debit Card,Y
O00008,C0001,2023-03-01,273.24,Beauty,1,5,Credit Card,N
O00009,C0001,2023-03-17,262.98,Toys,5,0,Apple Pay,N
O00010,C0001,2023-03-29,393.24,Sports,3,20,Debit Card,N
O00011,C0001,2023-05-14,294.4,Clothing,5,10,Debit Card,N
O00012,C0001,2023-06-09,227.46,Home & Garden,2,0,Debit Card,N
O00013,C0001,2023-06-24,162.85,Health,2,20,Credit Card,N
O00014,C0001,2023-08-31,479.54,Food & Grocery,4,20,Bank Transfer,Y
O00015,C0001,2023-09-14,268.54,Health,5,0,PayPal,N
O00016,C0001,2023-11-15,264.7,Food & Grocery,4,15,PayPal,N
O00017,C0001,2023-11-26,328.4,Beauty,5,0,PayPal,N
O00018,C0001,2023-11-26,269.8,Electronics,3,20,PayPal,N
O00019,C0002,2022-02-12,106.45,Health,2,0,Bank Transfer,N
O00020,C0002,2022-04-03,115.23,Electronics,4,0,PayPal,N
O00021,C0002,2023-01-29,115.77,Home & Garden,1,0,Apple Pay,N
O00022,C0002,2023-04-19,119.09,Health,2,0,PayPal,N
O00023,C0002,2023-06-04,95.86,Beauty,5,0,PayPal,N
O00024,C0002,2023-07-22,86.05,Automotive,4,0,PayPal,Y
O00025,C0002,2023-08-18,178.46,Beauty,1,10,Debit Card,N
O00026,C0002,2023-09-01,82.74,Toys,2,10,Credit Card,N
O00027,C0002,2023-09-22,125.02,Beauty,2,15,Bank Transfer,N
O00028,C0003,2022-01-19,430.75,Automotive,1,15,PayPal,Y
O00029,C0003,2022-03-21,135.04,Toys,2,0,Debit Card,Y
O00030,C0003,2022-04-14,419.8,Home & Garden,4,0,Apple Pay,N
O00031,C0003,2022-05-21,364.07,Sports,4,10,PayPal,N
O00032,C0003,2022-06-08,178.28,Sports,3,20,Apple Pay,N
O00033,C0003,2022-07-04,234.49,Health,4,5,PayPal,N
O00034,C0003,2022-07-16,291.22,Toys,2,20,Debit Card,Y
O00035,C0003,2022-08-08,138.13,Books,1,15,Apple Pay,N
O00036,C0003,2022-08-20,312.91,Clothing,5,20,Credit Card,N
O00037,C0003,2022-10-30,115.23,Home & Garden,3,5,Bank Transfer,N
O00038,C0003,2022-11-13,429.04,Clothing,2,20,Apple Pay,N
O00039,C0003,2022-12-16,470.8,Toys,1,5,Bank Transfer,N
O00040,C0003,2023-01-06,179.03,Clothing,3,0,Credit Card,N
O00041,C0003,2023-01-07,470.95,Beauty,2,0,Credit Card,N
O00042,C0003,2023-05-13,465.31,Food & Grocery,2,20,Apple Pay,N
O00043,C0003,2023-06-04,338.45,Clothing,1,0,Debit Card,N
O00044,C0003,2023-06-05,310.5,Health,5,5,Credit Card,N
O00045,C0003,2023-07-07,179.81,Clothing,1,0,Apple Pay,Y
O00046,C0004,2022-01-01,108.43,Automotive,5,10,Bank Transfer,Y
O00047,C0004,2022-01-09,88.54,Food & Grocery,1,15,Apple Pay,N
O00048,C0004,2022-02-13,186.53,Electronics,3,20,Credit Card,N
O00049,C0004,2022-03-15,181.27,Clothing,5,15,PayPal,N
O00050,C0004,2022-04-06,98.62,Automotive,3,20,Debit Card,N
O00051,C0004,2022-05-04,491.94,Food & Grocery,2,20,Debit Card,N
O00052,C0004,2022-05-04,380.74,Food & Grocery,1,0,Debit Card,N
O00053,C0004,2022-05-30,412.27,Electronics,3,0,Bank Transfer,N
O00054,C0004,2022-06-30,495.43,Automotive,4,0,Credit Card,N
O00055,C0004,2022-07-04,200.17,Electronics,3,0,Credit Card,N
O00056,C0004,2022-08-02,263.52,Toys,4,5,PayPal,N
O00057,C0004,2022-08-08,288.41,Food & Grocery,3,20,Bank Transfer,N
O00058,C0004,2022-09-21,416.48,Toys,1,5,Bank Transfer,N
O00059,C0004,2022-09-26,309.1,Beauty,1,0,PayPal,N
O00060,C0004,2022-10-02,208.73,Health,4,0,Apple Pay,N
O00061,C0005,2022-01-15,147.19,Electronics,2,20,Bank Transfer,N
O00062,C0005,2022-01-20,94.62,Clothing,2,20,PayPal,N
O00063,C0005,2022-03-12,240.8,Health,1,10,Debit Card,N
O00064,C0005,2022-04-04,478.51,Beauty,4,20,Credit Card,Y
O00065,C0005,2022-04-14,137.83,Beauty,4,0,PayPal,N
O00066,C0005,2022-04-22,483.42,Electronics,2,5,Bank Transfer,N
O00067,C0005,2022-05-12,463.69,Clothing,3,20,PayPal,N
O00068,C0005,2022-06-07,170.12,Health,3,15,Apple Pay,N
O00069,C0005,2022-06-13,131.51,Clothing,4,0,Apple Pay,N
O00070,C0005,2022-06-13,420.42,Beauty,3,15,Credit Card,Y
O00071,C0005,2022-06-21,307.71,Books,2,15,Debit Card,N
O00072,C0005,2022-06-23,293.68,Clothing,2,20,Debit Card,N
O00073,C0005,2022-07-11,411.96,Electronics,3,10,Bank Transfer,N
O00074,C0005,2022-07-22,276.31,Automotive,2,10,Credit Card,N
O00075,C0005,2022-07-25,209.9,Food & Grocery,5,5,Apple Pay,Y
O00076,C0006,2022-01-19,145.62,Beauty,2,20,Bank Transfer,Y
O00077,C0006,2022-04-26,60.93,Home & Garden,4,10,Credit Card,N
O00078,C0006,2022-04-30,118.08,Books,2,0,PayPal,N
O00079,C0006,2022-06-14,88.82,Automotive,3,20,Credit Card,N
O00080,C0007,2022-05-09,134.45,Clothing,5,15,Debit Card,Y
O00081,C0007,2022-10-09,190.07,Home & Garden,2,15,Bank Transfer,Y
O00082,C0007,2022-11-07,87.4,Health,1,20,Credit Card,N
O00083,C0007,2023-07-19,37.73,Health,3,15,Debit Card,Y
O00084,C0007,2023-10-03,100.82,Electronics,4,15,Bank Transfer,N
O00085,C0008,2022-03-03,56.87,Toys,4,5,Debit Card,N
O00086,C0008,2022-03-16,133.13,Beauty,3,15,PayPal,N
O00087,C0008,2022-09-08,52.23,Beauty,5,10,Credit Card,N
O00088,C0008,2022-11-01,71.1,Clothing,3,5,Debit Card,N
O00089,C0008,2023-02-20,46.46,Books,4,20,Bank Transfer,N
O00090,C0008,2023-04-10,72.21,Home & Garden,3,10,PayPal,N
O00091,C0008,2023-05-10,159.73,Food & Grocery,5,5,Apple Pay,N
O00092,C0008,2023-12-03,114.55,Clothing,4,10,Apple Pay,N
O00093,C0008,2023-12-07,66.57,Beauty,1,0,PayPal,N
O00094,C0009,2022-01-09,315.96,Beauty,5,0,Credit Card,N
O00095,C0009,2022-02-16,291.79,Automotive,3,20,Bank Transfer,Y
O00096,C0009,2022-02-22,129.9,Clothing,4,0,PayPal,Y
O00097,C0009,2022-04-21,474.36,Home & Garden,2,10,Bank Transfer,N
O00098,C0009,2022-05-18,290.03,Electronics,1,0,PayPal,N
O00099,C0009,2022-09-28,298.12,Home & Garden,5,10,Debit Card,N
O00100,C0009,2022-10-20,471.17,Beauty,2,5,Bank Transfer,N
O00101,C0009,2023-01-10,329.36,Automotive,5,10,Apple Pay,Y
O00102,C0009,2023-01-10,205.91,Electronics,3,0,Credit Card,N
O00103,C0009,2023-02-15,325.15,Electronics,5,5,PayPal,Y
O00104,C0009,2023-02-17,322.61,Electronics,5,5,Debit Card,Y
O00105,C0009,2023-03-18,344.19,Health,4,0,Debit Card,N
O00106,C0009,2023-04-27,320.48,Clothing,2,0,Apple Pay,N
O00107,C0009,2023-07-04,255.89,Toys,2,5,Bank Transfer,Y
O00108,C0009,2023-08-07,466.62,Electronics,2,10,Debit Card,Y
O00109,C0009,2023-11-01,216.52,Food & Grocery,5,5,PayPal,N
O00110,C0009,2023-11-20,273.06,Automotive,3,10,PayPal,N
O00111,C0010,2022-02-27,80.55,Sports,4,0,Apple Pay,N
O00112,C0010,2022-03-13,62.64,Books,3,0,Bank Transfer,Y
O00113,C0010,2022-03-18,47.27,Toys,3,20,Debit Card,N
O00114,C0010,2022-03-18,18.58,Clothing,3,5,PayPal,N
O00115,C0010,2022-05-23,33.19,Automotive,3,10,PayPal,N
O00116,C0011,2022-02-21,102.05,Toys,3,15,Apple Pay,N
O00117,C0011,2022-08-20,366.1,Home & Garden,1,10,Debit Card,N
O00118,C0011,2022-08-27,354.21,Food & Grocery,4,15,Debit Card,N
O00119,C0011,2022-09-03,214.89,Electronics,1,15,Bank Transfer,N
O00120,C0011,2022-09-06,304.76,Electronics,2,5,Debit Card,N
O00121,C0011,2023-06-28,498.81,Toys,4,0,PayPal,N
O00122,C0011,2023-08-24,83.89,Health,5,0,PayPal,N
O00123,C0011,2023-10-16,270.83,Automotive,5,5,Debit Card,Y
O00124,C0011,2023-11-17,276.57,Sports,1,0,Debit Card,N
O00125,C0012,2022-01-15,63.26,Sports,2,10,Apple Pay,N
O00126,C0012,2022-10-30,58.8,Clothing,4,15,Credit Card,N
O00127,C0012,2022-12-12,98.44,Food & Grocery,3,0,Credit Card,N
O00128,C0013,2022-01-06,74.46,Beauty,2,0,Credit Card,N
O00129,C0013,2022-05-17,82.16,Toys,5,15,PayPal,N
O00130,C0013,2022-06-04,138.58,Books,3,10,Debit Card,N
O00131,C0013,2022-06-18,192.75,Food & Grocery,2,5,Bank Transfer,N
O00132,C0013,2022-10-21,100.69,Automotive,4,20,Bank Transfer,N
O00133,C0013,2022-10-26,159.52,Health,1,10,Apple Pay,Y
O00134,C0013,2023-01-06,149.64,Clothing,5,0,Credit Card,Y
O00135,C0014,2022-03-18,131.08,Food & Grocery,1,15,Debit Card,Y
O00136,C0014,2022-03-26,83.55,Automotive,4,20,Credit Card,N
O00137,C0014,2022-06-17,37.15,Toys,4,10,Credit Card,Y
O00138,C0015,2022-01-23,84.4,Sports,5,0,Credit Card,N
O00139,C0015,2022-09-18,44.28,Clothing,5,0,Credit Card,N
O00140,C0015,2022-11-12,17.7,Toys,2,20,Debit Card,N
O00141,C0015,2023-02-10,46.83,Toys,4,20,Apple Pay,N
O00142,C0016,2022-05-17,176.25,Clothing,2,10,Apple Pay,Y
O00143,C0016,2023-07-07,51.65,Sports,1,20,Credit Card,N
O00144,C0016,2023-11-01,108.71,Automotive,4,10,Apple Pay,N
O00145,C0016,2023-11-09,72.08,Beauty,2,0,Debit Card,N
O00146,C0017,2023-03-06,99.94,Electronics,2,0,Credit Card,N
O00147,C0018,2022-01-23,34.92,Sports,1,0,Bank Transfer,N
O00148,C0018,2022-01-25,34.9,Health,3,10,Bank Transfer,N
O00149,C0018,2022-05-06,35.14,Home & Garden,5,0,Apple Pay,N
O00150,C0018,2022-07-25,38.39,Automotive,5,15,Debit Card,N
O00151,C0018,2022-08-13,62.25,Electronics,3,15,Apple Pay,Y
O00152,C0019,2022-06-02,58.99,Home & Garden,5,5,Debit Card,N
O00153,C0019,2023-02-23,59.1,Home & Garden,4,0,Bank Transfer,N
O00154,C0020,2022-05-18,32.28,Clothing,4,20,PayPal,N
O00155,C0020,2022-09-06,60.53,Sports,1,0,Apple Pay,Y
O00156,C0020,2022-09-19,66.25,Clothing,2,20,Bank Transfer,Y
O00157,C0020,2023-02-02,33.45,Sports,3,0,Credit Card,N
O00158,C0021,2022-05-01,117.09,Food & Grocery,2,15,Bank Transfer,N
O00159,C0022,2022-10-17,54.63,Beauty,3,0,PayPal,Y
O00160,C0022,2022-11-26,90.04,Food & Grocery,1,20,Apple Pay,N
O00161,C0022,2023-01-25,92.72,Beauty,3,5,Credit Card,Y
O00162,C0022,2023-07-20,88.45,Home & Garden,1,0,Bank Transfer,Y
O00163,C0023,2022-06-06,47.29,Sports,4,10,PayPal,N
O00164,C0023,2022-07-20,79.89,Food & Grocery,4,5,Debit Card,N
O00165,C0023,2022-08-24,29.39,Automotive,4,0,Bank Transfer,N
O00166,C0023,2022-10-30,59.54,Clothing,1,20,Credit Card,N
O00167,C0023,2022-12-04,26.69,Sports,1,15,Debit Card,N
O00168,C0024,2022-01-07,303.53,Toys,1,0,Bank Transfer,N
O00169,C0024,2022-01-17,305.01,Books,1,10,Apple Pay,N
O00170,C0024,2022-03-03,124.95,Clothing,5,0,Debit Card,N
O00171,C0024,2023-01-18,340.31,Books,3,0,Apple Pay,N
O00172,C0024,2023-05-10,236.68,Toys,4,10,Debit Card,N
O00173,C0024,2023-05-15,205.99,Clothing,1,0,Apple Pay,N
O00174,C0024,2023-09-24,238.41,Food & Grocery,1,15,Credit Card,N
O00175,C0024,2023-09-25,114.73,Toys,3,10,Credit Card,Y
O00176,C0024,2023-10-16,466.04,Sports,2,20,Bank Transfer,N
O00177,C0024,2023-11-07,193.86,Clothing,3,10,Bank Transfer,N
O00178,C0024,2023-11-14,155.33,Beauty,1,0,Bank Transfer,N
O00179,C0025,2022-03-20,86.39,Home & Garden,1,10,PayPal,N
O00180,C0025,2022-06-16,46.61,Sports,1,0,Bank Transfer,Y
O00181,C0025,2022-09-04,192.33,Toys,3,0,PayPal,N
O00182,C0025,2022-11-03,113.4,Beauty,5,5,Apple Pay,N
O00183,C0025,2023-02-03,145.55,Toys,1,20,Bank Transfer,N
O00184,C0025,2023-02-12,165.67,Clothing,1,0,Debit Card,N
O00185,C0025,2023-07-08,150.99,Home & Garden,4,0,PayPal,N
O00186,C0025,2023-08-01,45.56,Books,4,0,PayPal,N
O00187,C0025,2023-08-04,52.53,Home & Garden,4,5,Bank Transfer,Y
O00188,C0025,2023-11-25,117.11,Clothing,1,0,PayPal,Y
O00189,C0026,2022-06-16,132.28,Electronics,3,5,Apple Pay,N
O00190,C0027,2022-06-23,47.36,Home & Garden,3,0,PayPal,N
O00191,C0027,2022-09-06,27.4,Home & Garden,4,0,Apple Pay,N
O00192,C0027,2023-06-18,56.16,Clothing,3,0,Debit Card,N
O00193,C0027,2023-08-09,65.47,Sports,4,0,Debit Card,N
O00194,C0027,2023-12-03,15.58,Toys,3,20,Bank Transfer,N
O00195,C0028,2022-07-28,70.34,Health,2,0,PayPal,Y
O00196,C0028,2022-07-30,95.52,Sports,4,0,Debit Card,N
O00197,C0028,2022-08-09,97.34,Books,4,10,Debit Card,N
O00198,C0029,2022-07-06,34.81,Health,2,10,Bank Transfer,N
O00199,C0029,2022-07-21,108.62,Automotive,1,15,Apple Pay,N
O00200,C0030,2022-03-12,81.48,Books,2,15,Apple Pay,N
O00201,C0030,2022-05-23,42.57,Health,4,10,Apple Pay,Y
O00202,C0030,2023-02-23,116.12,Toys,5,0,PayPal,Y
O00203,C0030,2023-05-27,130.95,Clothing,1,20,Debit Card,N
O00204,C0030,2023-10-11,58.28,Health,1,10,Apple Pay,N
O00205,C0030,2023-11-21,194.17,Toys,1,0,Credit Card,N
O00206,C0030,2023-12-11,67.74,Automotive,5,10,Bank Transfer,N
O00207,C0031,2022-06-04,199.61,Food & Grocery,1,0,Apple Pay,N
O00208,C0031,2022-12-20,49.73,Home & Garden,3,0,PayPal,N
O00209,C0031,2023-04-20,163.33,Automotive,4,0,Apple Pay,N
O00210,C0031,2023-05-28,104.49,Food & Grocery,3,0,PayPal,N
O00211,C0031,2023-08-26,167.73,Clothing,1,20,PayPal,N
O00212,C0031,2023-11-27,145.11,Home & Garden,2,10,Debit Card,Y
O00213,C0031,2023-12-09,57.22,Automotive,4,5,Debit Card,N
O00214,C0032,2022-01-05,322.49,Automotive,2,0,PayPal,N
O00215,C0032,2022-01-30,272.17,Books,4,10,PayPal,Y
O00216,C0032,2022-03-06,243.23,Toys,5,0,PayPal,N
O00217,C0032,2022-07-22,435.12,Health,2,20,PayPal,Y
O00218,C0032,2022-07-30,327.87,Home & Garden,3,0,Debit Card,N
O00219,C0032,2022-08-08,129.12,Beauty,2,10,Apple Pay,N
O00220,C0032,2022-10-13,330.5,Health,4,5,Debit Card,N
O00221,C0032,2023-02-03,346.91,Home & Garden,5,0,Apple Pay,N
O00222,C0032,2023-02-10,138.92,Beauty,4,10,Credit Card,N
O00223,C0032,2023-03-16,479.77,Food & Grocery,2,0,Apple Pay,Y
O00224,C0032,2023-03-19,292.28,Food & Grocery,4,15,Apple Pay,N
O00225,C0032,2023-04-06,378.26,Food & Grocery,4,0,Credit Card,Y
O00226,C0032,2023-08-30,92.96,Sports,3,0,PayPal,N
O00227,C0032,2023-09-21,305.8,Home & Garden,4,10,Apple Pay,Y
O00228,C0032,2023-10-18,294.54,Health,1,0,Bank Transfer,N
O00229,C0032,2023-11-05,307.66,Electronics,4,10,Debit Card,N
O00230,C0032,2023-12-22,123.01,Sports,3,20,Credit Card,N
O00231,C0032,2023-12-23,190.38,Clothing,4,20,Credit Card,N
O00232,C0033,2022-05-23,421.68,Electronics,5,0,Bank Transfer,N
O00233,C0033,2022-06-19,330.68,Home & Garden,3,15,PayPal,N
O00234,C0033,2022-07-31,320.55,Automotive,1,0,Apple Pay,N
O00235,C0033,2022-12-26,496.84,Home & Garden,2,0,Debit Card,N
O00236,C0033,2023-03-15,427.96,Toys,4,0,Bank Transfer,N
O00237,C0033,2023-08-26,343.68,Toys,4,0,Credit Card,N
O00238,C0033,2023-09-17,296.56,Books,3,5,Apple Pay,N
O00239,C0033,2023-09-23,324.42,Clothing,4,15,PayPal,N
O00240,C0033,2023-10-10,414.18,Toys,2,5,Debit Card,N
O00241,C0033,2023-12-07,192.79,Books,3,10,Bank Transfer,N
O00242,C0033,2023-12-29,317.78,Food & Grocery,3,15,Credit Card,N
O00243,C0034,2022-01-01,498.19,Home & Garden,3,0,PayPal,N
O00244,C0034,2022-01-17,354.93,Books,1,0,Debit Card,N
O00245,C0034,2022-05-08,246.46,Books,2,5,Credit Card,N
O00246,C0034,2022-06-11,80.46,Food & Grocery,1,0,Bank Transfer,N
O00247,C0034,2022-07-27,298.17,Food & Grocery,1,0,PayPal,N
O00248,C0034,2023-03-15,495.03,Toys,2,5,Credit Card,N
O00249,C0034,2023-03-28,240.89,Clothing,1,0,PayPal,N
O00250,C0034,2023-04-13,137.59,Home & Garden,2,0,Bank Transfer,Y
O00251,C0034,2023-04-16,83.56,Home & Garden,4,0,Debit Card,N
O00252,C0035,2022-03-30,350.74,Sports,5,10,Bank Transfer,Y
O00253,C0035,2022-04-13,199.67,Electronics,3,0,Bank Transfer,Y
O00254,C0035,2022-05-07,294.0,Toys,3,15,Credit Card,N
O00255,C0035,2022-05-24,287.85,Clothing,2,5,Bank Transfer,N
O00256,C0035,2022-05-24,301.88,Electronics,3,0,Debit Card,N
O00257,C0035,2022-08-11,441.54,Health,4,0,Bank Transfer,N
O00258,C0035,2022-09-11,400.34,Clothing,1,10,Credit Card,N
O00259,C0035,2022-10-11,190.12,Electronics,1,20,Apple Pay,Y
O00260,C0035,2022-11-19,200.32,Automotive,4,5,Apple Pay,N
O00261,C0035,2022-12-26,349.03,Automotive,5,0,PayPal,N
O00262,C0035,2023-01-29,210.16,Automotive,2,20,Debit Card,Y
O00263,C0035,2023-03-16,217.24,Health,1,0,Apple Pay,N
O00264,C0035,2023-03-30,104.32,Clothing,4,0,Apple Pay,Y
O00265,C0035,2023-08-27,335.71,Books,2,0,Credit Card,N
O00266,C0036,2022-03-02,161.14,Electronics,3,20,Apple Pay,N
O00267,C0036,2022-03-06,119.06,Books,5,15,Credit Card,N
O00268,C0036,2022-03-27,107.38,Beauty,1,5,Bank Transfer,N
O00269,C0036,2022-05-13,92.51,Books,1,10,Credit Card,N
O00270,C0036,2022-05-18,155.93,Electronics,1,20,Credit Card,N
O00271,C0036,2022-06-27,37.82,Beauty,4,0,Debit Card,N
O00272,C0036,2022-07-10,123.99,Toys,2,0,Debit Card,N
O00273,C0036,2022-09-22,185.7,Beauty,3,20,Credit Card,Y
O00274,C0036,2022-09-25,93.38,Automotive,1,0,Debit Card,Y
O00275,C0037,2022-03-12,85.64,Automotive,4,0,PayPal,N
O00276,C0037,2022-10-17,79.57,Books,5,0,Apple Pay,N
O00277,C0037,2022-11-15,130.59,Food & Grocery,2,15,Bank Transfer,N
O00278,C0037,2023-04-22,55.6,Toys,1,0,Bank Transfer,N
O00279,C0038,2022-01-02,197.13,Toys,4,0,Debit Card,N
O00280,C0038,2022-01-10,45.81,Sports,5,5,PayPal,N
O00281,C0038,2022-04-17,195.67,Clothing,5,0,Bank Transfer,N
O00282,C0038,2022-07-30,138.33,Toys,1,10,Bank Transfer,N
O00283,C0038,2022-11-11,103.95,Home & Garden,2,0,PayPal,N
O00284,C0038,2022-12-10,187.43,Toys,3,0,Apple Pay,N
O00285,C0038,2023-01-21,69.71,Sports,2,20,Bank Transfer,N
O00286,C0038,2023-06-27,56.42,Home & Garden,4,5,PayPal,N
O00287,C0038,2023-11-05,50.53,Beauty,2,5,PayPal,N
O00288,C0039,2022-04-03,124.99,Books,5,0,Debit Card,N
O00289,C0039,2022-06-11,39.28,Sports,3,5,Bank Transfer,N
O00290,C0040,2022-01-16,131.1,Automotive,5,0,Credit Card,N
O00291,C0040,2022-03-31,33.25,Home & Garden,1,0,Credit Card,N
O00292,C0040,2022-07-27,36.99,Toys,3,15,Credit Card,Y
O00293,C0041,2022-01-12,52.69,Home & Garden,1,20,PayPal,N
O00294,C0041,2022-02-03,18.63,Food & Grocery,1,0,Bank Transfer,N
O00295,C0041,2022-02-08,84.84,Toys,4,0,Apple Pay,N
O00296,C0041,2022-04-12,29.69,Sports,2,0,PayPal,N
O00297,C0041,2022-11-27,90.09,Electronics,5,10,Bank Transfer,N
O00298,C0042,2022-03-04,63.91,Automotive,2,15,Bank Transfer,N
O00299,C0042,2022-03-31,198.2,Beauty,4,10,Apple Pay,N
O00300,C0042,2022-05-21,185.16,Automotive,3,5,PayPal,N
O00301,C0042,2022-10-14,34.43,Health,2,0,PayPal,N
O00302,C0042,2023-01-28,167.47,Food & Grocery,5,0,Bank Transfer,N
O00303,C0042,2023-02-26,195.58,Clothing,2,15,Debit Card,N
O00304,C0042,2023-03-06,120.73,Electronics,2,10,Apple Pay,N
O00305,C0042,2023-05-06,188.99,Home & Garden,2,0,Bank Transfer,N
O00306,C0042,2023-07-18,167.06,Beauty,5,0,PayPal,Y
O00307,C0043,2022-01-01,465.52,Sports,2,0,Debit Card,N
O00308,C0043,2022-01-21,105.01,Home & Garden,5,15,Debit Card,N
O00309,C0043,2022-02-08,435.52,Beauty,1,0,Apple Pay,Y
O00310,C0043,2022-02-27,122.43,Books,3,0,Debit Card,N
O00311,C0043,2022-04-03,412.57,Food & Grocery,3,0,Bank Transfer,Y
O00312,C0043,2022-06-29,410.54,Sports,5,20,Debit Card,N
O00313,C0043,2022-07-12,208.87,Books,2,0,Credit Card,Y
O00314,C0043,2022-08-13,244.47,Health,1,0,Bank Transfer,N
O00315,C0043,2022-08-27,466.84,Health,2,15,Bank Transfer,N
O00316,C0043,2022-11-13,473.41,Home & Garden,3,15,Credit Card,N
O00317,C0043,2022-12-06,225.66,Beauty,2,15,Credit Card,N
O00318,C0043,2023-05-05,267.58,Books,2,0,Credit Card,N
O00319,C0043,2023-05-18,187.8,Clothing,1,0,Apple Pay,N
O00320,C0043,2023-05-20,387.69,Home & Garden,4,5,Apple Pay,N
O00321,C0043,2023-06-24,309.33,Clothing,4,20,Bank Transfer,N
O00322,C0043,2023-07-10,148.32,Clothing,1,0,Credit Card,N
O00323,C0043,2023-09-09,189.67,Clothing,1,0,Debit Card,N
O00324,C0044,2022-04-06,181.85,Electronics,4,15,Debit Card,Y
O00325,C0044,2022-12-13,181.26,Home & Garden,1,0,PayPal,N
O00326,C0044,2023-07-15,195.65,Toys,5,15,Bank Transfer,N
O00327,C0044,2023-09-01,142.3,Books,2,0,Credit Card,N
O00328,C0044,2023-09-21,127.2,Food & Grocery,2,0,PayPal,N
O00329,C0045,2022-01-14,59.04,Books,1,5,Credit Card,N
O00330,C0045,2022-02-19,163.43,Food & Grocery,4,15,PayPal,N
O00331,C0045,2022-04-13,139.12,Toys,2,0,Apple Pay,N
O00332,C0045,2022-04-16,61.72,Electronics,3,5,Apple Pay,N
O00333,C0045,2022-09-03,68.46,Books,5,0,Debit Card,N
O00334,C0045,2022-11-04,44.57,Beauty,5,5,Bank Transfer,N
O00335,C0045,2022-11-17,124.11,Toys,5,5,Bank Transfer,N
O00336,C0046,2022-03-22,71.32,Electronics,5,10,Bank Transfer,Y
O00337,C0046,2022-11-03,108.08,Health,2,0,Apple Pay,N
O00338,C0046,2023-05-03,143.38,Home & Garden,2,20,Debit Card,N
O00339,C0047,2022-08-11,46.25,Home & Garden,5,0,PayPal,N
O00340,C0048,2022-01-13,326.78,Toys,1,5,Debit Card,N
O00341,C0048,2022-10-10,317.97,Health,1,0,Bank Transfer,N
O00342,C0048,2022-11-30,410.01,Automotive,3,5,PayPal,N
O00343,C0048,2023-02-11,355.01,Health,5,5,Credit Card,N
O00344,C0048,2023-04-15,195.67,Home & Garden,5,10,Apple Pay,N
O00345,C0048,2023-06-17,246.23,Beauty,2,0,Apple Pay,N
O00346,C0048,2023-07-20,456.75,Electronics,3,20,PayPal,N
O00347,C0048,2023-10-01,197.75,Food & Grocery,1,20,Debit Card,N
O00348,C0048,2023-12-19,206.2,Food & Grocery,3,0,Apple Pay,Y
O00349,C0049,2022-04-19,118.73,Beauty,1,10,Debit Card,N
O00350,C0049,2022-07-28,60.45,Automotive,4,0,Bank Transfer,Y
O00351,C0049,2022-09-06,23.76,Sports,2,20,Credit Card,N
O00352,C0050,2022-07-23,92.62,Food & Grocery,5,5,Credit Card,N
O00353,C0050,2022-10-08,71.13,Food & Grocery,5,5,Debit Card,N
O00354,C0050,2023-01-05,129.77,Beauty,3,0,PayPal,N
O00355,C0050,2023-12-23,78.46,Toys,1,0,Bank Transfer,N
O00356,C0051,2023-11-25,46.88,Toys,5,0,Credit Card,N
O00357,C0052,2022-01-09,258.0,Toys,3,5,PayPal,N
O00358,C0052,2022-08-18,276.01,Automotive,5,5,Bank Transfer,N
O00359,C0052,2022-09-16,83.09,Beauty,5,15,Bank Transfer,Y
O00360,C0052,2022-10-09,198.72,Clothing,4,0,PayPal,N
O00361,C0052,2022-11-09,349.05,Books,3,15,PayPal,N
O00362,C0052,2023-09-08,142.97,Sports,1,20,Bank Transfer,N
O00363,C0052,2023-09-15,357.42,Home & Garden,1,15,Apple Pay,N
O00364,C0052,2023-10-21,188.96,Toys,4,5,Credit Card,Y
O00365,C0052,2023-12-28,377.39,Health,2,0,Debit Card,Y
O00366,C0052,2023-12-31,348.09,Food & Grocery,3,10,PayPal,N
O00367,C0053,2022-04-02,236.11,Health,3,5,Credit Card,N
O00368,C0053,2022-04-10,102.54,Health,5,10,Credit Card,N
O00369,C0053,2022-05-12,453.56,Automotive,1,20,Apple Pay,Y
O00370,C0053,2022-07-05,205.31,Electronics,2,0,Debit Card,N
O00371,C0053,2022-07-07,251.86,Health,4,0,PayPal,N
O00372,C0053,2022-08-16,407.16,Food & Grocery,3,15,Debit Card,N
O00373,C0053,2022-08-17,346.49,Electronics,4,0,Debit Card,N
O00374,C0053,2022-09-22,322.04,Home & Garden,4,20,Credit Card,N
O00375,C0053,2022-10-28,338.08,Toys,4,5,Apple Pay,N
O00376,C0053,2022-11-11,81.96,Automotive,2,15,PayPal,N
O00377,C0053,2022-12-06,454.64,Automotive,2,0,Credit Card,N
O00378,C0053,2022-12-10,175.03,Beauty,3,0,Credit Card,N
O00379,C0053,2022-12-30,291.4,Books,2,0,Credit Card,N
O00380,C0053,2023-03-07,478.35,Food & Grocery,5,10,Bank Transfer,N
O00381,C0053,2023-04-28,262.14,Home & Garden,3,5,PayPal,N
O00382,C0053,2023-07-27,149.25,Toys,1,0,Debit Card,N
O00383,C0053,2023-11-02,168.7,Electronics,5,10,Debit Card,N
O00384,C0053,2023-11-28,233.97,Electronics,4,15,PayPal,Y
O00385,C0054,2022-01-02,100.85,Toys,1,10,PayPal,N
O00386,C0054,2022-01-04,149.32,Sports,1,0,Apple Pay,N
O00387,C0054,2022-01-07,142.62,Books,5,10,Debit Card,N
O00388,C0054,2022-01-08,171.21,Clothing,5,15,Bank Transfer,N
O00389,C0054,2022-02-11,78.06,Clothing,4,0,Bank Transfer,N
O00390,C0054,2022-02-12,162.25,Automotive,2,0,Apple Pay,N
O00391,C0054,2022-02-14,57.26,Automotive,4,0,Apple Pay,N
O00392,C0054,2022-02-23,69.87,Electronics,1,0,Bank Transfer,N
O00393,C0055,2022-03-18,69.3,Books,3,5,Credit Card,N
O00394,C0055,2022-04-14,168.24,Electronics,3,0,PayPal,N
O00395,C0055,2022-09-20,155.55,Clothing,1,0,Debit Card,N
O00396,C0055,2023-06-08,85.87,Food & Grocery,5,0,Credit Card,N
O00397,C0055,2023-10-22,168.54,Home & Garden,1,5,Apple Pay,N
O00398,C0056,2023-05-05,123.99,Home & Garden,1,0,Credit Card,N
O00399,C0056,2023-12-08,33.48,Health,4,20,Bank Transfer,N
O00400,C0057,2023-01-03,17.45,Home & Garden,4,5,Credit Card,N
O00401,C0057,2023-09-19,52.46,Clothing,3,15,PayPal,N
O00402,C0058,2022-08-18,149.1,Clothing,4,15,Debit Card,N
O00403,C0058,2022-12-13,88.78,Toys,2,20,Bank Transfer,Y
O00404,C0058,2023-06-16,39.28,Home & Garden,5,20,Apple Pay,N
O00405,C0058,2023-06-20,177.8,Clothing,4,0,Debit Card,N
O00406,C0058,2023-06-22,194.92,Electronics,5,0,Bank Transfer,N
O00407,C0058,2023-08-02,98.56,Sports,1,5,Apple Pay,Y
O00408,C0058,2023-08-14,106.18,Food & Grocery,4,0,Credit Card,N
O00409,C0058,2023-11-17,156.69,Electronics,1,5,Apple Pay,N
O00410,C0058,2023-12-06,124.71,Electronics,1,20,Bank Transfer,Y
O00411,C0059,2022-02-25,380.68,Clothing,1,20,Debit Card,N
O00412,C0059,2022-07-31,223.37,Books,5,10,PayPal,N
O00413,C0059,2022-08-17,99.23,Home & Garden,4,0,Apple Pay,N
O00414,C0059,2022-12-06,186.8,Sports,2,0,Apple Pay,N
O00415,C0059,2022-12-16,271.96,Sports,3,0,Apple Pay,N
O00416,C0059,2023-01-08,469.18,Health,1,20,Apple Pay,N
O00417,C0059,2023-01-08,356.55,Automotive,2,5,Credit Card,Y
O00418,C0059,2023-04-11,389.21,Automotive,4,20,Bank Transfer,N
O00419,C0059,2023-04-13,468.24,Home & Garden,5,0,Debit Card,N
O00420,C0059,2023-04-30,242.71,Health,5,0,Bank Transfer,N
O00421,C0059,2023-06-05,255.84,Health,2,0,Apple Pay,N
O00422,C0059,2023-07-28,487.61,Food & Grocery,2,0,Apple Pay,Y
O00423,C0059,2023-07-30,374.01,Automotive,3,20,Bank Transfer,N
O00424,C0059,2023-09-07,378.99,Automotive,2,0,Debit Card,Y
O00425,C0059,2023-09-27,380.04,Beauty,2,15,Debit Card,Y
O00426,C0059,2023-11-02,307.85,Beauty,1,20,PayPal,Y
O00427,C0059,2023-11-04,281.76,Health,4,15,Bank Transfer,N
O00428,C0059,2023-11-19,448.54,Toys,1,10,Credit Card,N
O00429,C0060,2022-01-29,54.71,Home & Garden,3,15,PayPal,N
O00430,C0060,2022-04-13,129.12,Books,2,20,Bank Transfer,N
O00431,C0061,2022-04-15,359.09,Toys,4,5,PayPal,Y
O00432,C0061,2022-08-18,102.6,Books,2,10,Apple Pay,N
O00433,C0061,2022-09-01,462.82,Beauty,5,10,Bank Transfer,N
O00434,C0061,2022-10-22,405.98,Sports,3,5,Debit Card,N
O00435,C0061,2023-02-03,158.53,Home & Garden,5,0,Apple Pay,N
O00436,C0061,2023-06-08,259.97,Automotive,3,0,Debit Card,Y
O00437,C0061,2023-07-29,435.33,Electronics,3,5,Debit Card,N
O00438,C0061,2023-07-30,144.56,Beauty,5,0,Bank Transfer,N
O00439,C0061,2023-09-23,286.03,Health,5,0,Credit Card,N
O00440,C0061,2023-10-25,300.67,Home & Garden,5,0,Bank Transfer,N
O00441,C0061,2023-11-23,254.69,Automotive,4,0,PayPal,N
O00442,C0061,2023-12-11,451.03,Beauty,3,0,PayPal,N
O00443,C0061,2023-12-14,479.13,Health,5,5,Bank Transfer,N
O00444,C0062,2022-02-10,240.18,Clothing,4,0,Bank Transfer,N
O00445,C0062,2022-09-04,90.38,Automotive,3,10,Bank Transfer,N
O00446,C0062,2022-09-07,284.46,Books,2,0,Bank Transfer,N
O00447,C0062,2022-11-25,478.25,Home & Garden,5,10,Credit Card,N
O00448,C0062,2023-04-02,168.53,Sports,4,20,Credit Card,N
O00449,C0062,2023-09-21,305.86,Toys,1,15,Debit Card,N
O00450,C0062,2023-09-29,272.87,Beauty,1,0,Credit Card,N
O00451,C0062,2023-10-20,154.76,Books,5,0,Bank Transfer,N
O00452,C0062,2023-11-30,462.61,Toys,4,5,Apple Pay,N
O00453,C0063,2022-01-04,124.58,Books,5,0,PayPal,N
O00454,C0063,2022-01-24,240.19,Electronics,4,0,Bank Transfer,N
O00455,C0063,2022-02-02,137.28,Toys,5,0,Debit Card,N
O00456,C0063,2022-02-07,364.46,Beauty,1,10,Bank Transfer,N
O00457,C0063,2022-03-02,131.76,Electronics,5,10,Apple Pay,Y
O00458,C0063,2022-07-03,309.96,Clothing,3,0,PayPal,N
O00459,C0063,2022-09-15,253.31,Automotive,2,0,Debit Card,N
O00460,C0063,2022-10-01,339.09,Books,2,0,Debit Card,Y
O00461,C0063,2022-10-27,437.95,Automotive,4,15,Bank Transfer,N
O00462,C0063,2022-11-13,202.07,Clothing,3,0,Debit Card,Y
O00463,C0063,2022-11-25,284.62,Beauty,3,0,Debit Card,N
O00464,C0063,2022-12-25,199.76,Clothing,2,0,Apple Pay,N
O00465,C0063,2023-01-04,217.91,Books,5,0,Bank Transfer,Y
O00466,C0064,2022-01-05,387.85,Food & Grocery,4,5,PayPal,N
O00467,C0064,2022-05-18,284.53,Clothing,2,15,Bank Transfer,N
O00468,C0064,2022-06-22,433.55,Home & Garden,5,0,PayPal,N
O00469,C0064,2022-08-15,385.52,Electronics,5,15,Credit Card,Y
O00470,C0064,2022-09-10,323.14,Health,2,0,Bank Transfer,N
O00471,C0064,2022-10-11,308.26,Automotive,4,15,Debit Card,N
O00472,C0064,2022-11-17,244.85,Health,3,0,Apple Pay,Y
O00473,C0064,2023-01-04,294.37,Toys,3,10,Credit Card,N
O00474,C0064,2023-03-15,436.15,Health,2,20,Bank Transfer,N
O00475,C0064,2023-03-23,267.41,Home & Garden,5,10,Debit Card,N
O00476,C0064,2023-10-19,474.45,Electronics,2,20,Apple Pay,N
O00477,C0064,2023-11-27,106.4,Beauty,2,0,Debit Card,Y
O00478,C0064,2023-12-31,461.24,Beauty,4,5,Apple Pay,N
O00479,C0065,2022-11-28,23.77,Automotive,3,20,PayPal,Y
O00480,C0066,2023-01-10,70.53,Clothing,5,0,Apple Pay,N
O00481,C0066,2023-01-21,58.89,Beauty,3,5,Apple Pay,Y
O00482,C0066,2023-01-23,15.56,Home & Garden,4,0,Debit Card,N
O00483,C0066,2023-08-25,58.74,Books,2,0,Debit Card,N
O00484,C0066,2023-11-01,45.79,Clothing,2,5,PayPal,N
O00485,C0067,2022-06-15,70.02,Toys,1,0,Credit Card,N
O00486,C0067,2022-08-04,63.75,Home & Garden,2,15,Bank Transfer,N
O00487,C0067,2023-05-06,90.72,Home & Garden,1,0,PayPal,N
O00488,C0067,2023-08-28,58.91,Toys,5,10,Credit Card,N
O00489,C0068,2022-05-27,424.59,Home & Garden,5,15,Bank Transfer,N
O00490,C0068,2022-06-24,150.44,Beauty,4,10,Bank Transfer,N
O00491,C0068,2022-08-13,176.52,Toys,2,0,Credit Card,N
O00492,C0068,2023-02-25,299.54,Automotive,4,20,Debit Card,Y
O00493,C0068,2023-04-28,120.45,Food & Grocery,5,10,Credit Card,Y
O00494,C0068,2023-05-09,291.4,Clothing,1,5,Debit Card,Y
O00495,C0068,2023-08-20,306.5,Electronics,4,10,Apple Pay,N
O00496,C0068,2023-09-08,447.43,Automotive,4,0,Apple Pay,N
O00497,C0068,2023-09-14,227.22,Health,1,5,Debit Card,N
O00498,C0069,2022-03-27,49.73,Sports,1,15,Credit Card,Y
O00499,C0069,2022-10-18,59.42,Automotive,1,5,Debit Card,N
O00500,C0069,2023-07-11,49.75,Clothing,2,5,Bank Transfer,N
O00501,C0069,2023-09-05,37.21,Automotive,4,10,PayPal,Y
O00502,C0070,2022-07-28,60.38,Automotive,5,5,PayPal,N
O00503,C0070,2023-02-11,128.2,Toys,2,20,Credit Card,N
O00504,C0070,2023-02-28,105.92,Home & Garden,1,0,Bank Transfer,N
O00505,C0070,2023-05-10,163.63,Automotive,5,15,Credit Card,N
O00506,C0070,2023-07-20,96.15,Electronics,1,20,Debit Card,N
O00507,C0070,2023-07-25,187.4,Toys,1,0,PayPal,N
O00508,C0071,2022-01-25,67.19,Automotive,3,15,Bank Transfer,N
O00509,C0071,2022-01-26,95.39,Home & Garden,4,5,Credit Card,N
O00510,C0071,2022-02-16,87.3,Automotive,3,0,Credit Card,Y
O00511,C0072,2022-02-06,45.58,Electronics,2,0,PayPal,N
O00512,C0072,2022-06-23,45.02,Toys,4,10,Debit Card,Y
O00513,C0072,2022-08-26,16.31,Clothing,1,10,PayPal,Y
O00514,C0072,2023-09-22,92.78,Beauty,3,20,PayPal,N
O00515,C0072,2023-11-22,66.54,Sports,4,5,Bank Transfer,N
O00516,C0073,2022-03-16,185.06,Food & Grocery,4,10,Apple Pay,N
O00517,C0073,2022-04-20,398.14,Food & Grocery,4,10,Credit Card,N
O00518,C0073,2022-04-30,128.83,Clothing,4,15,Debit Card,N
O00519,C0073,2022-09-21,416.07,Toys,3,10,Bank Transfer,N
O00520,C0073,2022-10-29,374.34,Books,2,0,Credit Card,N
O00521,C0073,2022-12-15,362.95,Beauty,1,10,Debit Card,N
O00522,C0073,2023-05-31,211.83,Sports,5,0,Debit Card,N
O00523,C0073,2023-06-03,289.58,Sports,2,15,Debit Card,N
O00524,C0073,2023-06-10,166.85,Sports,2,20,Bank Transfer,N
O00525,C0073,2023-07-05,145.52,Clothing,1,0,Apple Pay,Y
O00526,C0073,2023-07-27,82.78,Automotive,1,20,Apple Pay,N
O00527,C0073,2023-08-12,340.68,Food & Grocery,5,20,PayPal,N
O00528,C0074,2022-10-14,48.82,Health,2,0,Bank Transfer,N
O00529,C0074,2023-06-08,55.66,Automotive,1,10,PayPal,N
O00530,C0075,2022-01-09,144.6,Toys,5,0,PayPal,N
O00531,C0075,2022-01-13,134.17,Books,2,10,PayPal,N
O00532,C0075,2022-05-04,75.8,Health,3,0,Debit Card,N
O00533,C0075,2022-06-28,102.07,Toys,3,0,Apple Pay,N
O00534,C0075,2022-11-20,106.62,Health,2,10,Debit Card,N
O00535,C0075,2023-04-14,152.54,Sports,5,5,Apple Pay,N
O00536,C0075,2023-04-17,54.79,Home & Garden,4,20,Credit Card,N
O00537,C0075,2023-06-15,101.66,Home & Garden,5,10,PayPal,N
O00538,C0075,2023-12-07,81.01,Automotive,5,0,Apple Pay,N
O00539,C0075,2023-12-17,147.39,Electronics,2,20,PayPal,N
O00540,C0076,2022-05-14,66.84,Automotive,3,0,Credit Card,N
O00541,C0076,2022-06-21,35.76,Health,2,10,Bank Transfer,Y
O00542,C0076,2022-07-04,42.69,Books,3,0,Bank Transfer,N
O00543,C0077,2022-02-06,102.12,Home & Garden,2,15,PayPal,N
O00544,C0077,2022-02-18,102.07,Health,4,20,Credit Card,N
O00545,C0077,2022-03-01,41.06,Sports,3,0,PayPal,N
O00546,C0078,2022-06-21,61.26,Electronics,2,15,Debit Card,N
O00547,C0078,2022-10-05,189.87,Clothing,2,0,Apple Pay,N
O00548,C0078,2023-01-07,46.24,Food & Grocery,5,0,Credit Card,N
O00549,C0078,2023-02-28,119.08,Clothing,1,0,Bank Transfer,N
O00550,C0078,2023-04-01,44.33,Toys,3,0,Debit Card,N
O00551,C0078,2023-04-07,105.34,Home & Garden,2,10,Debit Card,N
O00552,C0078,2023-06-18,35.98,Beauty,3,20,Apple Pay,N
O00553,C0078,2023-08-25,195.75,Automotive,3,10,Apple Pay,N
O00554,C0079,2022-08-22,117.36,Health,4,10,Bank Transfer,N
O00555,C0079,2022-11-02,138.16,Food & Grocery,5,0,Credit Card,N
O00556,C0079,2022-11-20,60.02,Toys,3,0,PayPal,N
O00557,C0080,2022-05-20,120.97,Food & Grocery,4,0,Credit Card,N
O00558,C0080,2022-10-21,165.65,Health,2,20,Credit Card,Y
O00559,C0080,2022-12-19,93.52,Toys,5,5,Apple Pay,N
O00560,C0080,2023-04-26,57.76,Toys,4,0,PayPal,N
O00561,C0081,2022-10-06,156.3,Books,4,0,Credit Card,N
O00562,C0081,2022-10-19,53.23,Clothing,4,10,Apple Pay,N
O00563,C0081,2023-06-14,149.08,Food & Grocery,2,0,Credit Card,N
O00564,C0081,2023-09-20,38.44,Automotive,1,0,Credit Card,N
O00565,C0081,2023-10-27,75.76,Food & Grocery,1,0,Credit Card,N
O00566,C0081,2023-12-03,32.5,Sports,3,5,PayPal,N
O00567,C0081,2023-12-12,199.65,Food & Grocery,1,0,Credit Card,N
O00568,C0082,2022-01-19,61.17,Home & Garden,2,20,PayPal,N
O00569,C0083,2022-01-18,155.0,Clothing,5,15,Debit Card,N
O00570,C0083,2022-04-12,96.15,Books,3,0,Credit Card,Y
O00571,C0083,2022-05-07,118.56,Books,4,15,PayPal,N
O00572,C0083,2022-05-08,91.27,Electronics,2,0,Debit Card,N
O00573,C0083,2022-07-17,85.17,Home & Garden,3,10,Credit Card,N
O00574,C0083,2022-08-15,164.15,Electronics,1,10,Apple Pay,Y
O00575,C0083,2022-08-24,56.35,Clothing,2,0,Apple Pay,N
O00576,C0083,2023-01-01,146.61,Beauty,1,0,PayPal,N
O00577,C0083,2023-01-13,149.23,Clothing,2,5,Debit Card,N
O00578,C0083,2023-01-30,196.88,Beauty,4,15,Debit Card,N
O00579,C0084,2022-01-21,83.09,Food & Grocery,5,0,Bank Transfer,N
O00580,C0084,2022-03-10,44.67,Home & Garden,5,0,PayPal,N
O00581,C0084,2022-05-09,55.79,Health,5,0,Credit Card,Y
O00582,C0085,2022-01-01,161.91,Automotive,4,15,Debit Card,N
O00583,C0085,2022-09-27,135.35,Beauty,5,0,PayPal,N
O00584,C0085,2023-01-11,141.91,Automotive,4,0,Bank Transfer,N
O00585,C0085,2023-04-10,160.17,Home & Garden,5,0,PayPal,N
O00586,C0085,2023-07-09,138.95,Clothing,1,10,Credit Card,N
O00587,C0086,2022-02-02,172.17,Food & Grocery,5,10,Bank Transfer,N
O00588,C0086,2022-02-02,38.34,Sports,5,15,Credit Card,N
O00589,C0086,2022-04-12,188.14,Sports,4,20,Credit Card,N
O00590,C0086,2022-04-20,166.17,Electronics,3,10,Apple Pay,N
O00591,C0086,2022-07-02,165.02,Electronics,5,0,Bank Transfer,N
O00592,C0086,2022-07-16,154.83,Books,1,0,Bank Transfer,N
O00593,C0086,2022-07-26,47.21,Sports,5,5,Debit Card,N
O00594,C0086,2023-05-13,119.45,Sports,5,15,Debit Card,Y
O00595,C0086,2023-08-08,157.36,Toys,1,20,Bank Transfer,N
O00596,C0086,2023-10-20,144.66,Toys,1,0,Debit Card,Y
O00597,C0087,2022-06-11,52.66,Beauty,3,10,PayPal,N
O00598,C0087,2023-07-01,50.05,Toys,3,10,Debit Card,Y
O00599,C0087,2023-09-07,61.38,Toys,5,15,PayPal,N
O00600,C0087,2023-11-05,96.74,Food & Grocery,4,0,Credit Card,N
O00601,C0088,2022-01-01,95.85,Beauty,2,0,PayPal,N
O00602,C0088,2022-01-03,453.64,Sports,2,0,PayPal,N
O00603,C0088,2022-01-13,319.6,Health,2,15,Credit Card,N
O00604,C0088,2022-01-20,413.02,Home & Garden,4,20,Bank Transfer,N
O00605,C0088,2022-01-28,330.0,Books,1,15,Bank Transfer,N
O00606,C0088,2022-01-29,112.96,Electronics,3,0,Apple Pay,N
O00607,C0088,2022-02-05,470.7,Clothing,2,15,Bank Transfer,N
O00608,C0088,2022-02-08,346.23,Toys,1,0,Bank Transfer,N
O00609,C0088,2022-02-08,214.11,Health,2,0,Bank Transfer,N
O00610,C0088,2022-02-10,144.34,Toys,4,20,Bank Transfer,Y
O00611,C0088,2022-03-07,291.99,Sports,4,0,Apple Pay,N
O00612,C0088,2022-03-12,135.52,Clothing,4,10,Credit Card,Y
O00613,C0088,2022-03-13,247.66,Clothing,4,10,Apple Pay,N
O00614,C0088,2022-03-15,400.05,Food & Grocery,5,0,Apple Pay,N
O00615,C0088,2022-03-15,353.94,Sports,5,10,Bank Transfer,N
O00616,C0088,2022-03-30,181.77,Books,4,0,Bank Transfer,N
O00617,C0088,2022-04-09,127.26,Toys,4,0,PayPal,N
O00618,C0089,2022-01-13,98.95,Health,4,10,Debit Card,N
O00619,C0089,2022-03-28,18.81,Sports,2,15,PayPal,N
O00620,C0089,2022-06-06,79.41,Clothing,1,15,Credit Card,N
O00621,C0090,2022-01-15,310.5,Health,2,15,Credit Card,N
O00622,C0090,2022-01-24,324.86,Automotive,1,0,Debit Card,N
O00623,C0090,2022-04-24,199.29,Health,3,0,Apple Pay,N
O00624,C0090,2022-07-28,107.97,Books,3,20,Credit Card,N
O00625,C0090,2022-08-03,202.85,Toys,2,5,Bank Transfer,N
O00626,C0090,2022-08-05,459.63,Food & Grocery,5,10,Credit Card,N
O00627,C0090,2022-09-22,163.53,Food & Grocery,5,15,Credit Card,N
O00628,C0090,2022-10-22,183.9,Automotive,3,0,Apple Pay,N
O00629,C0090,2022-11-09,392.64,Electronics,3,15,PayPal,N
O00630,C0090,2022-12-06,342.6,Sports,5,0,Credit Card,N
O00631,C0090,2022-12-18,449.04,Electronics,5,0,Debit Card,N
O00632,C0090,2023-04-06,223.55,Toys,2,0,Apple Pay,Y
O00633,C0090,2023-04-28,483.45,Health,2,5,Debit Card,Y
O00634,C0090,2023-06-20,144.15,Books,5,0,Apple Pay,Y
O00635,C0090,2023-07-05,135.34,Home & Garden,5,10,Debit Card,N
O00636,C0090,2023-07-14,209.78,Automotive,2,5,Debit Card,Y
O00637,C0090,2023-12-12,465.19,Beauty,1,10,Bank Transfer,N
O00638,C0091,2022-01-04,80.06,Toys,4,0,Apple Pay,N
O00639,C0091,2022-04-04,27.92,Sports,1,0,Debit Card,N
O00640,C0092,2023-08-04,50.02,Sports,2,15,Credit Card,N
O00641,C0092,2023-09-13,30.33,Food & Grocery,2,10,Bank Transfer,N
O00642,C0092,2023-09-20,112.56,Beauty,2,20,Apple Pay,N
O00643,C0093,2022-01-16,285.78,Beauty,4,0,Apple Pay,N
O00644,C0093,2022-02-03,406.01,Health,4,15,PayPal,N
O00645,C0093,2022-03-09,336.83,Health,5,10,Bank Transfer,N
O00646,C0093,2022-07-01,298.67,Food & Grocery,4,20,Credit Card,N
O00647,C0093,2022-07-17,297.86,Toys,1,10,Apple Pay,Y
O00648,C0093,2022-07-27,401.37,Electronics,2,0,Apple Pay,N
O00649,C0093,2022-07-29,451.45,Books,4,0,Apple Pay,N
O00650,C0093,2022-08-16,337.52,Electronics,5,0,Apple Pay,N
O00651,C0093,2022-08-20,117.99,Automotive,1,0,Bank Transfer,Y
O00652,C0093,2022-10-04,136.83,Toys,3,5,Credit Card,N
O00653,C0093,2023-02-23,270.55,Sports,4,0,PayPal,N
O00654,C0093,2023-02-27,370.52,Home & Garden,1,0,Credit Card,N
O00655,C0093,2023-03-26,346.31,Clothing,5,15,Apple Pay,Y
O00656,C0093,2023-09-24,337.07,Home & Garden,4,10,Apple Pay,N
O00657,C0093,2023-11-19,402.67,Beauty,5,20,Debit Card,N
O00658,C0094,2022-01-27,41.19,Food & Grocery,3,15,Debit Card,N
O00659,C0094,2022-08-03,91.38,Sports,1,10,PayPal,N
O00660,C0095,2022-01-03,33.43,Food & Grocery,4,5,Apple Pay,N
O00661,C0095,2022-05-02,66.1,Electronics,2,10,PayPal,Y
O00662,C0095,2022-09-10,68.43,Sports,1,0,Debit Card,N
O00663,C0095,2022-10-06,70.53,Electronics,2,20,Credit Card,Y
O00664,C0096,2022-02-20,394.72,Beauty,1,0,PayPal,N
O00665,C0096,2022-03-31,234.8,Toys,1,20,Apple Pay,Y
O00666,C0096,2022-04-22,107.27,Food & Grocery,2,0,PayPal,N
O00667,C0096,2022-06-15,301.36,Automotive,2,15,Debit Card,Y
O00668,C0096,2022-07-01,104.44,Health,5,0,Apple Pay,Y
O00669,C0096,2022-07-02,472.23,Books,4,10,PayPal,N
O00670,C0096,2022-10-19,300.66,Health,3,0,Bank Transfer,Y
O00671,C0096,2023-03-03,288.49,Food & Grocery,4,20,Debit Card,Y
O00672,C0096,2023-04-12,177.74,Books,2,0,Credit Card,N
O00673,C0096,2023-07-30,275.25,Clothing,2,20,Bank Transfer,N
O00674,C0096,2023-08-10,253.9,Beauty,3,10,Debit Card,N
O00675,C0096,2023-09-02,349.06,Books,3,20,Credit Card,N
O00676,C0096,2023-09-18,206.12,Automotive,3,20,Credit Card,N
O00677,C0096,2023-11-08,368.05,Beauty,4,15,Bank Transfer,Y
O00678,C0096,2023-11-20,483.25,Home & Garden,2,0,PayPal,N
O00679,C0096,2023-12-10,464.79,Electronics,2,5,Debit Card,N
O00680,C0096,2023-12-18,454.66,Automotive,3,5,Apple Pay,N
O00681,C0097,2022-01-10,32.7,Beauty,3,0,Debit Card,N
O00682,C0097,2022-06-11,86.46,Beauty,4,15,Bank Transfer,N
O00683,C0097,2022-10-02,63.53,Toys,2,10,Credit Card,N
O00684,C0097,2022-10-12,74.95,Beauty,1,0,Apple Pay,N
O00685,C0097,2022-12-14,57.25,Sports,3,5,PayPal,N
O00686,C0098,2022-01-26,165.83,Automotive,2,0,PayPal,N
O00687,C0098,2022-02-08,154.51,Automotive,3,20,PayPal,N
O00688,C0098,2022-04-05,160.81,Clothing,5,15,Debit Card,N
O00689,C0098,2022-04-25,153.18,Food & Grocery,4,15,Bank Transfer,N
O00690,C0098,2022-07-26,30.7,Electronics,5,20,Credit Card,N
O00691,C0098,2023-01-19,109.37,Electronics,1,10,PayPal,N
O00692,C0098,2023-03-31,128.19,Books,2,0,Debit Card,N
O00693,C0098,2023-06-03,78.72,Automotive,3,20,Apple Pay,N
O00694,C0099,2022-01-04,62.57,Clothing,2,10,PayPal,Y
O00695,C0099,2022-01-30,42.07,Home & Garden,3,10,Debit Card,N
O00696,C0099,2022-06-09,21.06,Health,3,10,Apple Pay,N
O00697,C0100,2022-01-26,47.61,Clothing,4,5,Debit Card,Y
O00698,C0100,2022-02-24,90.76,Food & Grocery,5,0,PayPal,N
O00699,C0101,2023-07-01,21.68,Food & Grocery,5,0,Credit Card,N
O00700,C0101,2023-11-18,23.27,Books,4,5,Debit Card,N
O00701,C0102,2023-09-24,53.55,Beauty,4,0,PayPal,N
O00702,C0103,2022-01-15,54.21,Home & Garden,3,20,PayPal,Y
O00703,C0103,2022-02-14,63.85,Automotive,1,5,Credit Card,N
O00704,C0103,2022-03-02,62.27,Clothing,3,10,Apple Pay,N
O00705,C0103,2022-03-03,65.2,Sports,5,0,Bank Transfer,N
O00706,C0104,2022-02-23,81.67,Toys,5,20,PayPal,Y
O00707,C0104,2022-04-21,74.0,Home & Garden,1,15,Bank Transfer,N
O00708,C0104,2022-06-01,24.72,Health,4,0,Bank Transfer,N
O00709,C0104,2022-06-27,84.87,Home & Garden,3,5,Credit Card,Y
O00710,C0105,2023-09-03,80.56,Toys,3,5,Credit Card,N
O00711,C0106,2023-08-18,137.42,Electronics,2,15,Debit Card,N
O00712,C0107,2022-04-11,40.48,Books,4,15,PayPal,N
O00713,C0107,2022-04-16,64.53,Health,5,5,Debit Card,N
O00714,C0107,2022-06-12,20.3,Automotive,1,0,Bank Transfer,N
O00715,C0107,2022-08-17,24.32,Books,1,0,Apple Pay,Y
O00716,C0107,2022-10-23,48.51,Beauty,4,5,Apple Pay,N
O00717,C0108,2022-01-18,172.79,Home & Garden,3,20,Debit Card,N
O00718,C0108,2022-01-25,31.97,Electronics,2,15,Apple Pay,N
O00719,C0108,2022-02-16,195.75,Home & Garden,1,0,Apple Pay,N
O00720,C0108,2022-02-19,181.91,Health,4,10,Debit Card,N
O00721,C0108,2022-03-02,116.6,Automotive,4,5,PayPal,N
O00722,C0108,2022-03-13,61.58,Health,1,10,Apple Pay,N
O00723,C0108,2022-04-18,151.06,Books,4,10,Bank Transfer,N
O00724,C0108,2022-04-29,35.69,Electronics,5,5,PayPal,N
O00725,C0109,2022-03-22,118.97,Health,1,0,Apple Pay,N
O00726,C0109,2022-03-23,146.29,Automotive,5,0,Bank Transfer,N
O00727,C0109,2022-05-26,183.61,Automotive,1,5,Apple Pay,Y
O00728,C0109,2022-10-14,184.03,Health,3,5,PayPal,N
O00729,C0109,2023-04-22,79.17,Electronics,5,15,PayPal,Y
O00730,C0109,2023-06-14,74.28,Food & Grocery,5,0,Bank Transfer,N
O00731,C0109,2023-06-24,141.57,Books,5,0,PayPal,N
O00732,C0109,2023-12-09,44.03,Automotive,1,20,PayPal,N
O00733,C0110,2022-10-09,131.52,Electronics,1,10,Debit Card,Y
O00734,C0111,2022-03-31,121.73,Sports,4,0,Bank Transfer,N
O00735,C0111,2022-05-14,64.57,Clothing,2,10,Debit Card,N
O00736,C0111,2022-07-09,117.86,Toys,4,0,Apple Pay,N
O00737,C0112,2022-02-23,280.03,Automotive,2,5,Apple Pay,N
O00738,C0112,2022-02-25,190.3,Automotive,4,0,PayPal,N
O00739,C0112,2022-04-29,240.44,Beauty,5,15,Credit Card,N
O00740,C0112,2022-06-21,465.44,Beauty,4,10,PayPal,N
O00741,C0112,2022-09-28,193.54,Clothing,3,15,Bank Transfer,N
O00742,C0112,2022-11-05,273.67,Sports,5,20,Debit Card,Y
O00743,C0112,2022-12-20,221.71,Home & Garden,3,10,Credit Card,N
O00744,C0112,2023-02-13,429.31,Electronics,4,0,Bank Transfer,N
O00745,C0112,2023-04-21,367.91,Beauty,2,15,PayPal,N
O00746,C0112,2023-05-03,161.09,Electronics,5,0,Credit Card,Y
O00747,C0112,2023-10-20,355.77,Sports,5,15,Credit Card,N
O00748,C0113,2022-05-14,68.87,Health,2,0,Debit Card,N
O00749,C0114,2022-02-05,120.02,Beauty,3,0,Credit Card,N
O00750,C0114,2022-02-28,121.02,Toys,4,0,Credit Card,N
O00751,C0115,2022-01-26,30.17,Food & Grocery,1,0,Bank Transfer,N
O00752,C0115,2022-02-20,33.56,Clothing,4,15,PayPal,N
O00753,C0115,2022-03-04,17.96,Clothing,5,15,PayPal,N
O00754,C0116,2022-06-02,104.87,Electronics,1,15,Apple Pay,N
O00755,C0117,2023-02-05,15.31,Food & Grocery,4,5,Apple Pay,N
O00756,C0117,2023-08-12,60.91,Electronics,4,15,Apple Pay,N
O00757,C0118,2022-03-19,72.08,Clothing,3,10,PayPal,N
O00758,C0118,2022-03-27,129.35,Books,2,0,Bank Transfer,N
O00759,C0118,2022-06-24,145.78,Sports,3,15,Apple Pay,N
O00760,C0119,2022-01-26,304.25,Food & Grocery,1,0,PayPal,N
O00761,C0119,2022-02-06,221.84,Electronics,4,0,Debit Card,Y
O00762,C0119,2022-03-06,272.52,Automotive,2,15,Bank Transfer,N
O00763,C0119,2022-03-28,468.42,Electronics,2,5,Credit Card,N
O00764,C0119,2022-05-24,461.02,Health,1,0,Debit Card,N
O00765,C0119,2022-07-14,152.34,Electronics,3,20,Credit Card,N
O00766,C0119,2022-07-17,336.71,Health,1,20,Credit Card,N
O00767,C0119,2022-09-02,288.8,Health,2,0,Debit Card,N
O00768,C0119,2022-11-12,221.68,Toys,3,0,Bank Transfer,Y
O00769,C0119,2023-02-03,137.68,Sports,1,10,Debit Card,N
O00770,C0119,2023-03-25,106.55,Books,2,20,Apple Pay,N
O00771,C0119,2023-05-14,372.44,Automotive,2,5,Debit Card,Y
O00772,C0119,2023-05-16,97.09,Clothing,5,5,Debit Card,N
O00773,C0119,2023-05-27,449.44,Clothing,1,0,Debit Card,N
O00774,C0119,2023-07-08,376.83,Health,3,5,Apple Pay,N
O00775,C0119,2023-08-31,166.59,Books,5,5,Apple Pay,N
O00776,C0119,2023-10-10,474.0,Health,1,10,Debit Card,N
O00777,C0119,2023-10-21,337.06,Clothing,3,0,Apple Pay,N
O00778,C0120,2022-01-13,58.14,Food & Grocery,2,0,Credit Card,N
O00779,C0120,2022-02-16,24.58,Home & Garden,4,5,Debit Card,N
O00780,C0120,2022-03-09,71.96,Electronics,1,15,PayPal,N
O00781,C0120,2022-03-11,32.82,Books,3,10,Apple Pay,N
O00782,C0120,2022-03-21,23.88,Electronics,5,0,Debit Card,N
O00783,C0121,2022-03-14,63.79,Beauty,2,20,Credit Card,N
O00784,C0121,2022-08-29,68.72,Sports,4,20,Debit Card,N
O00785,C0121,2022-11-30,181.53,Clothing,4,10,Apple Pay,N
O00786,C0121,2023-03-06,181.38,Home & Garden,2,10,Apple Pay,N
O00787,C0121,2023-04-01,95.85,Home & Garden,4,15,Debit Card,N
O00788,C0121,2023-08-17,195.84,Sports,3,0,Credit Card,Y
O00789,C0121,2023-08-30,40.14,Home & Garden,1,20,Apple Pay,N
O00790,C0122,2022-02-10,191.97,Home & Garden,5,10,Debit Card,N
O00791,C0122,2022-02-26,99.99,Automotive,4,20,Debit Card,Y
O00792,C0122,2022-03-17,110.49,Food & Grocery,3,0,Apple Pay,N
O00793,C0122,2022-06-04,72.13,Toys,5,0,Bank Transfer,N
O00794,C0122,2022-06-13,185.34,Electronics,4,0,Credit Card,N
O00795,C0122,2022-07-22,154.69,Automotive,1,5,Bank Transfer,N
O00796,C0122,2022-07-23,111.48,Clothing,4,5,Debit Card,N
O00797,C0123,2022-08-12,37.25,Books,2,15,Credit Card,N
O00798,C0123,2023-02-21,82.37,Books,2,15,Apple Pay,Y
O00799,C0123,2023-12-11,117.15,Electronics,4,5,Debit Card,N
O00800,C0124,2023-01-15,101.49,Electronics,1,5,PayPal,Y
O00801,C0125,2022-05-19,110.75,Health,5,10,Debit Card,N
O00802,C0126,2022-02-26,67.32,Electronics,1,5,PayPal,N
O00803,C0126,2023-06-12,100.49,Beauty,3,0,Bank Transfer,N
O00804,C0126,2023-11-22,92.9,Sports,2,0,Debit Card,Y
O00805,C0127,2022-08-03,84.48,Books,5,15,Apple Pay,N
O00806,C0127,2022-08-19,39.26,Beauty,3,5,Apple Pay,Y
O00807,C0127,2023-08-18,119.54,Clothing,4,15,Bank Transfer,Y
O00808,C0127,2023-12-21,182.91,Food & Grocery,5,0,Credit Card,N
O00809,C0128,2022-02-15,57.49,Clothing,1,0,PayPal,N
O00810,C0128,2022-08-18,110.62,Food & Grocery,2,20,Debit Card,Y
O00811,C0129,2022-02-03,139.6,Books,2,0,Credit Card,N
O00812,C0129,2022-03-30,171.94,Automotive,3,5,Bank Transfer,N
O00813,C0129,2022-04-18,141.48,Beauty,4,10,Bank Transfer,Y
O00814,C0129,2022-04-24,105.69,Books,5,0,PayPal,N
O00815,C0129,2022-05-02,164.18,Sports,4,0,PayPal,N
O00816,C0129,2022-05-19,55.22,Books,4,0,Bank Transfer,N
O00817,C0129,2022-06-24,151.01,Books,2,0,Debit Card,N
O00818,C0129,2022-07-08,70.44,Electronics,3,10,Debit Card,N
O00819,C0129,2022-08-27,74.27,Home & Garden,2,10,Credit Card,N
O00820,C0130,2022-01-26,81.8,Automotive,5,0,PayPal,N
O00821,C0130,2022-05-05,456.31,Health,2,20,Bank Transfer,N
O00822,C0130,2022-05-29,222.25,Clothing,4,0,Debit Card,Y
O00823,C0130,2022-06-09,129.09,Electronics,4,10,Debit Card,N
O00824,C0130,2022-06-16,230.11,Beauty,1,10,Debit Card,Y
O00825,C0130,2022-11-05,301.1,Books,2,0,Credit Card,Y
O00826,C0130,2022-11-24,436.77,Clothing,5,5,Debit Card,N
O00827,C0130,2023-02-19,213.46,Health,5,0,PayPal,N
O00828,C0130,2023-04-05,142.14,Toys,3,5,PayPal,N
O00829,C0130,2023-04-15,199.55,Beauty,3,5,Bank Transfer,N
O00830,C0130,2023-05-27,170.59,Food & Grocery,4,20,Apple Pay,N
O00831,C0130,2023-07-01,148.79,Toys,4,0,Bank Transfer,Y
O00832,C0130,2023-07-07,116.15,Sports,3,5,Bank Transfer,N
O00833,C0131,2022-01-07,313.44,Health,2,0,Debit Card,N
O00834,C0131,2022-04-01,201.57,Food & Grocery,1,20,PayPal,Y
O00835,C0131,2022-06-29,207.64,Automotive,4,0,Credit Card,N
O00836,C0131,2022-10-07,144.69,Books,4,0,PayPal,N
O00837,C0131,2023-01-20,155.34,Sports,1,0,PayPal,N
O00838,C0131,2023-02-24,497.62,Clothing,5,15,PayPal,Y
O00839,C0131,2023-03-01,281.8,Toys,3,15,Apple Pay,N
O00840,C0131,2023-08-28,236.74,Health,1,20,PayPal,N
O00841,C0131,2023-10-17,324.29,Home & Garden,3,5,Debit Card,N
O00842,C0132,2022-01-13,79.58,Clothing,5,0,Debit Card,N
O00843,C0132,2022-03-16,131.79,Home & Garden,5,0,PayPal,N
O00844,C0132,2022-04-02,76.15,Beauty,1,10,Bank Transfer,N
O00845,C0132,2022-04-18,169.96,Electronics,2,10,PayPal,N
O00846,C0132,2022-06-12,162.4,Toys,3,0,Credit Card,N
O00847,C0133,2022-07-12,173.83,Automotive,1,5,Apple Pay,N
O00848,C0133,2023-06-23,49.82,Home & Garden,1,5,PayPal,N
O00849,C0133,2023-07-27,147.48,Home & Garden,4,10,Bank Transfer,N
O00850,C0133,2023-09-21,59.28,Books,1,15,Credit Card,N
O00851,C0133,2023-12-08,51.88,Home & Garden,2,0,Debit Card,N
O00852,C0134,2023-03-12,79.86,Clothing,1,0,Apple Pay,N
O00853,C0134,2023-12-09,18.61,Clothing,1,20,Bank Transfer,Y
O00854,C0135,2022-01-11,466.44,Sports,5,0,Debit Card,N
O00855,C0135,2022-02-14,92.29,Home & Garden,3,10,PayPal,N
O00856,C0135,2022-03-09,147.43,Automotive,5,0,Bank Transfer,Y
O00857,C0135,2022-04-09,108.7,Health,1,10,Debit Card,N
O00858,C0135,2022-05-07,484.99,Home & Garden,5,0,Credit Card,N
O00859,C0135,2022-09-17,466.6,Food & Grocery,3,15,Bank Transfer,N
O00860,C0135,2022-11-05,264.66,Clothing,2,20,PayPal,N
O00861,C0135,2023-11-15,258.12,Automotive,2,5,Credit Card,N
O00862,C0136,2022-02-11,217.81,Clothing,4,0,Apple Pay,Y
O00863,C0136,2022-03-26,389.19,Food & Grocery,2,10,Apple Pay,N
O00864,C0136,2022-05-20,493.68,Toys,2,20,Credit Card,N
O00865,C0136,2022-10-23,474.41,Beauty,2,0,Apple Pay,N
O00866,C0136,2023-01-05,246.48,Automotive,1,0,Debit Card,N
O00867,C0136,2023-05-23,248.26,Health,1,15,Debit Card,N
O00868,C0136,2023-06-17,232.76,Sports,3,0,Bank Transfer,N
O00869,C0136,2023-07-25,131.56,Toys,4,0,Bank Transfer,Y
O00870,C0136,2023-12-23,194.65,Toys,3,5,Bank Transfer,N
O00871,C0137,2022-04-21,69.24,Home & Garden,1,0,Credit Card,N
O00872,C0137,2022-05-06,114.68,Electronics,2,5,Bank Transfer,N
O00873,C0137,2022-05-31,55.97,Health,5,0,Credit Card,Y
O00874,C0137,2022-09-14,160.49,Food & Grocery,2,0,Apple Pay,N
O00875,C0137,2023-04-11,115.82,Automotive,3,20,Bank Transfer,Y
O00876,C0137,2023-05-17,33.0,Electronics,4,0,Apple Pay,N
O00877,C0137,2023-05-25,83.48,Toys,4,5,Credit Card,N
O00878,C0138,2022-06-18,52.86,Toys,4,20,Credit Card,Y
O00879,C0138,2022-11-07,144.75,Automotive,5,10,Apple Pay,N
O00880,C0138,2023-03-18,125.58,Home & Garden,5,0,Apple Pay,N
O00881,C0138,2023-05-19,114.1,Toys,5,15,PayPal,N
O00882,C0138,2023-12-25,84.48,Electronics,5,0,Debit Card,N
O00883,C0139,2022-01-28,102.79,Beauty,4,0,Credit Card,N
O00884,C0139,2022-04-10,72.09,Books,5,0,Credit Card,N
O00885,C0139,2022-12-16,49.46,Home & Garden,1,10,PayPal,N
O00886,C0139,2023-01-25,108.35,Toys,5,10,Apple Pay,N
O00887,C0139,2023-08-21,33.47,Food & Grocery,5,0,PayPal,N
O00888,C0139,2023-10-03,126.96,Beauty,5,0,Apple Pay,N
O00889,C0140,2022-06-20,194.8,Sports,4,15,Credit Card,Y
O00890,C0140,2022-11-03,66.39,Books,1,0,Bank Transfer,N
O00891,C0140,2022-12-11,166.78,Health,1,15,Bank Transfer,N
O00892,C0140,2022-12-14,130.62,Books,1,10,Bank Transfer,N
O00893,C0140,2023-01-08,102.61,Beauty,1,15,PayPal,Y
O00894,C0140,2023-05-24,166.7,Toys,5,0,Debit Card,N
O00895,C0140,2023-05-30,98.39,Health,5,5,Bank Transfer,N
O00896,C0140,2023-09-22,179.75,Automotive,2,10,Apple Pay,N
O00897,C0140,2023-11-15,142.34,Food & Grocery,3,15,Bank Transfer,Y
O00898,C0141,2022-03-03,45.96,Home & Garden,2,0,PayPal,N
O00899,C0141,2022-07-25,49.87,Clothing,2,20,Apple Pay,N
O00900,C0141,2023-06-19,85.02,Home & Garden,3,15,Bank Transfer,N
O00901,C0141,2023-10-04,49.5,Clothing,2,0,Credit Card,N
O00902,C0142,2022-08-05,104.1,Electronics,2,0,PayPal,N
O00903,C0142,2022-08-12,23.79,Books,5,0,Credit Card,N
O00904,C0143,2022-01-09,127.07,Automotive,1,10,Bank Transfer,Y
O00905,C0143,2022-01-12,72.81,Clothing,2,10,Credit Card,N
O00906,C0143,2022-01-15,85.98,Health,4,20,Debit Card,N
O00907,C0143,2022-01-18,67.06,Clothing,2,0,PayPal,N
O00908,C0143,2022-01-31,99.42,Health,1,5,Bank Transfer,N
O00909,C0143,2022-02-08,148.94,Clothing,3,10,Apple Pay,N
O00910,C0143,2022-02-10,146.07,Books,2,0,Apple Pay,N
O00911,C0143,2022-02-16,169.63,Electronics,5,0,Credit Card,N
O00912,C0143,2022-02-20,73.01,Toys,3,15,PayPal,N
O00913,C0143,2022-02-22,120.93,Sports,4,5,Credit Card,N
O00914,C0144,2022-02-04,425.74,Food & Grocery,4,15,Apple Pay,N
O00915,C0144,2022-03-24,381.3,Clothing,2,15,PayPal,Y
O00916,C0144,2022-06-14,107.87,Toys,5,15,Bank Transfer,N
O00917,C0144,2022-08-04,270.37,Electronics,1,15,Debit Card,N
O00918,C0144,2022-08-30,412.23,Home & Garden,1,5,Debit Card,N
O00919,C0144,2022-10-08,211.76,Clothing,1,0,Debit Card,Y
O00920,C0144,2022-11-01,379.7,Home & Garden,5,15,Apple Pay,N
O00921,C0144,2022-11-21,269.63,Home & Garden,3,0,Bank Transfer,N
O00922,C0144,2023-02-21,415.8,Sports,1,5,PayPal,N
O00923,C0144,2023-03-26,245.27,Toys,5,0,Credit Card,N
O00924,C0144,2023-10-09,467.71,Health,2,0,Apple Pay,N
O00925,C0144,2023-10-22,189.95,Home & Garden,1,5,Bank Transfer,N
O00926,C0145,2022-01-22,35.26,Automotive,4,20,Apple Pay,N
O00927,C0145,2022-02-17,35.41,Sports,2,20,PayPal,N
O00928,C0145,2022-03-14,117.04,Toys,2,5,Debit Card,Y
O00929,C0146,2022-10-17,31.1,Home & Garden,4,20,Debit Card,N
O00930,C0146,2023-11-25,39.67,Books,2,10,Apple Pay,N
O00931,C0147,2022-01-11,257.78,Health,3,0,Credit Card,Y
O00932,C0147,2022-03-29,104.68,Beauty,2,5,PayPal,Y
O00933,C0147,2022-05-17,474.52,Health,1,0,PayPal,Y
O00934,C0147,2022-08-06,340.26,Books,4,15,PayPal,N
O00935,C0147,2022-11-28,486.58,Automotive,1,10,Debit Card,N
O00936,C0147,2023-01-28,151.34,Food & Grocery,3,5,Debit Card,N
O00937,C0147,2023-02-12,213.27,Automotive,4,0,PayPal,N
O00938,C0147,2023-04-15,211.57,Home & Garden,4,20,PayPal,N
O00939,C0147,2023-04-26,469.02,Books,3,10,PayPal,Y
O00940,C0147,2023-10-25,211.46,Home & Garden,3,15,Apple Pay,N
O00941,C0147,2023-12-05,313.38,Food & Grocery,1,0,Debit Card,N
O00942,C0147,2023-12-11,176.54,Electronics,4,0,Debit Card,N
O00943,C0147,2023-12-27,263.3,Food & Grocery,1,5,PayPal,Y
O00944,C0148,2022-01-16,65.45,Sports,3,0,Debit Card,Y
O00945,C0148,2022-01-19,126.93,Health,5,0,Bank Transfer,N
O00946,C0149,2022-03-20,52.0,Food & Grocery,1,0,Credit Card,N
O00947,C0149,2022-07-04,108.57,Clothing,4,0,Bank Transfer,N
O00948,C0149,2023-03-03,128.81,Home & Garden,1,0,Apple Pay,N
O00949,C0150,2022-01-06,43.0,Electronics,5,5,PayPal,Y
O00950,C0150,2022-10-03,25.99,Electronics,3,0,Credit Card,N
O00951,C0150,2023-09-01,61.51,Health,4,0,Apple Pay,N
O00952,C0150,2023-11-05,30.13,Toys,1,0,Debit Card,N
O00953,C0151,2022-10-19,117.83,Home & Garden,1,0,Apple Pay,N
O00954,C0151,2023-10-25,115.67,Books,5,0,PayPal,N
O00955,C0152,2022-07-18,81.94,Health,5,5,Credit Card,N
O00956,C0152,2022-08-17,125.43,Health,2,5,Apple Pay,N
O00957,C0153,2022-08-18,146.66,Home & Garden,4,10,Bank Transfer,N
O00958,C0153,2023-04-20,79.42,Toys,1,20,Apple Pay,N
O00959,C0153,2023-10-26,55.26,Home & Garden,3,20,Debit Card,Y
O00960,C0153,2023-11-24,102.71,Health,1,10,Credit Card,N
O00961,C0154,2022-01-25,63.32,Books,3,0,Bank Transfer,N
O00962,C0154,2022-04-16,80.33,Electronics,1,15,Apple Pay,N
O00963,C0154,2022-04-29,81.83,Toys,1,0,Apple Pay,N
O00964,C0154,2022-06-19,41.69,Food & Grocery,4,10,PayPal,N
O00965,C0154,2022-07-04,97.17,Home & Garden,2,0,Credit Card,Y
O00966,C0155,2022-01-06,370.56,Health,4,0,Bank Transfer,Y
O00967,C0155,2022-01-14,231.51,Toys,3,0,Debit Card,N
O00968,C0155,2022-01-19,85.83,Clothing,1,15,Debit Card,N
O00969,C0155,2022-04-19,167.88,Home & Garden,2,5,Bank Transfer,N
O00970,C0155,2022-04-30,116.16,Food & Grocery,2,5,Apple Pay,N
O00971,C0155,2022-06-25,128.91,Home & Garden,4,5,Apple Pay,N
O00972,C0155,2023-02-09,441.11,Health,2,0,PayPal,Y
O00973,C0155,2023-03-21,428.37,Toys,1,0,Credit Card,N
O00974,C0155,2023-04-17,344.77,Toys,4,20,Apple Pay,Y
O00975,C0155,2023-05-04,330.25,Automotive,3,0,Apple Pay,N
O00976,C0155,2023-07-02,284.16,Health,5,15,Apple Pay,N
O00977,C0155,2023-11-03,380.0,Automotive,1,5,Bank Transfer,N
O00978,C0156,2022-03-01,84.32,Beauty,4,15,Apple Pay,N
O00979,C0156,2022-08-02,40.97,Sports,4,0,Apple Pay,N
O00980,C0156,2022-08-31,85.99,Health,3,10,Apple Pay,N
O00981,C0157,2023-02-04,128.3,Beauty,4,20,Debit Card,Y
O00982,C0157,2023-03-03,46.94,Clothing,4,0,Debit Card,N
O00983,C0158,2022-04-14,95.16,Food & Grocery,3,0,Debit Card,Y
O00984,C0158,2023-03-02,19.0,Electronics,3,0,PayPal,N
O00985,C0159,2022-02-02,83.58,Beauty,4,0,Bank Transfer,N
O00986,C0159,2023-05-31,25.26,Sports,4,0,PayPal,N
O00987,C0160,2023-07-25,54.77,Home & Garden,5,10,Credit Card,N
O00988,C0161,2022-04-19,81.48,Clothing,5,0,Bank Transfer,N
O00989,C0161,2022-04-24,29.2,Clothing,2,0,Debit Card,N
O00990,C0161,2023-09-17,75.19,Automotive,4,15,Credit Card,N
O00991,C0161,2023-09-18,70.0,Beauty,2,0,Debit Card,N
O00992,C0162,2022-01-07,44.49,Beauty,4,0,Debit Card,N
O00993,C0162,2022-06-25,158.05,Automotive,4,20,Debit Card,N
O00994,C0162,2022-09-09,166.3,Toys,4,5,Bank Transfer,N
O00995,C0162,2022-10-21,190.44,Food & Grocery,2,20,Credit Card,Y
O00996,C0162,2022-12-16,190.42,Clothing,3,0,Apple Pay,N
O00997,C0162,2023-05-01,103.79,Toys,1,15,Debit Card,Y
O00998,C0162,2023-06-02,39.83,Automotive,3,5,Apple Pay,Y
O00999,C0163,2022-01-09,139.46,Automotive,5,20,Bank Transfer,N
O01000,C0163,2022-05-31,148.57,Toys,2,0,Credit Card,N
O01001,C0163,2022-10-14,121.36,Toys,2,10,Bank Transfer,N
O01002,C0163,2022-11-18,66.33,Automotive,5,0,Bank Transfer,N
O01003,C0163,2022-12-19,158.7,Home & Garden,1,0,Bank Transfer,Y
O01004,C0163,2023-02-18,73.98,Books,4,10,Credit Card,N
O01005,C0163,2023-04-02,173.07,Books,5,0,Credit Card,N
O01006,C0163,2023-06-25,158.62,Clothing,4,0,Bank Transfer,N
O01007,C0163,2023-09-18,107.04,Sports,5,10,Bank Transfer,Y
O01008,C0163,2023-12-19,69.75,Books,3,15,Bank Transfer,N
O01009,C0164,2022-04-18,64.5,Beauty,4,0,Debit Card,N
O01010,C0164,2022-09-11,85.42,Clothing,1,0,Apple Pay,N
O01011,C0164,2022-12-02,55.48,Food & Grocery,1,0,Bank Transfer,N
O01012,C0164,2023-06-13,65.0,Automotive,4,20,PayPal,Y
O01013,C0165,2022-05-28,51.61,Food & Grocery,2,15,Bank Transfer,Y
O01014,C0165,2022-06-16,50.07,Sports,4,5,Credit Card,N
O01015,C0165,2023-03-03,190.49,Beauty,1,10,Apple Pay,N
O01016,C0165,2023-03-27,50.55,Health,3,0,Bank Transfer,N
O01017,C0165,2023-05-17,50.02,Books,3,0,PayPal,N
O01018,C0165,2023-06-02,34.76,Home & Garden,2,20,Bank Transfer,N
O01019,C0165,2023-12-07,38.27,Books,3,0,Debit Card,N
O01020,C0166,2022-01-12,127.42,Health,4,0,Apple Pay,N
O01021,C0166,2022-01-18,171.86,Health,2,20,Debit Card,Y
O01022,C0166,2022-04-17,138.2,Food & Grocery,4,0,PayPal,N
O01023,C0166,2022-05-04,165.97,Health,4,5,Debit Card,N
O01024,C0167,2022-10-12,69.9,Home & Garden,1,10,PayPal,Y
O01025,C0167,2023-03-30,69.84,Automotive,1,0,Bank Transfer,Y
O01026,C0167,2023-11-18,64.03,Electronics,5,10,Debit Card,N
O01027,C0168,2022-01-20,327.34,Food & Grocery,1,0,Apple Pay,N
O01028,C0168,2022-03-28,254.27,Automotive,3,5,PayPal,N
O01029,C0168,2022-05-04,128.15,Clothing,5,0,PayPal,N
O01030,C0168,2022-07-04,156.72,Clothing,2,0,Apple Pay,N
O01031,C0168,2022-07-30,104.74,Beauty,2,0,Credit Card,N
O01032,C0168,2022-09-09,243.77,Beauty,2,5,PayPal,N
O01033,C0168,2022-10-09,237.72,Clothing,1,0,Debit Card,Y
O01034,C0168,2022-11-25,326.13,Food & Grocery,5,20,Bank Transfer,N
O01035,C0168,2023-02-16,478.73,Books,1,0,Apple Pay,Y
O01036,C0168,2023-03-31,250.97,Food & Grocery,1,5,Debit Card,N
O01037,C0168,2023-06-29,193.05,Health,1,0,Bank Transfer,N
O01038,C0168,2023-07-01,207.94,Toys,4,0,Bank Transfer,N
O01039,C0168,2023-08-17,408.81,Home & Garden,3,10,Debit Card,N
O01040,C0168,2023-09-14,305.76,Toys,5,5,Credit Card,N
O01041,C0168,2023-11-06,421.31,Health,3,15,Debit Card,N
O01042,C0168,2023-12-24,105.27,Food & Grocery,3,10,PayPal,N
O01043,C0169,2022-08-06,129.29,Books,1,0,Bank Transfer,Y
O01044,C0169,2023-08-23,29.09,Clothing,4,15,Credit Card,N
O01045,C0170,2022-02-23,85.63,Beauty,3,15,PayPal,N
O01046,C0170,2022-04-21,55.49,Beauty,3,0,Apple Pay,Y
O01047,C0170,2022-06-06,62.7,Home & Garden,1,10,Apple Pay,N
O01048,C0171,2023-02-28,92.25,Food & Grocery,4,10,Credit Card,N
O01049,C0172,2022-03-05,132.22,Toys,2,20,Credit Card,N
O01050,C0172,2022-06-30,108.66,Sports,4,0,Debit Card,N
O01051,C0172,2022-07-12,158.93,Beauty,2,0,Bank Transfer,N
O01052,C0172,2022-08-16,167.43,Sports,2,5,PayPal,N
O01053,C0172,2022-12-10,77.73,Health,2,0,Debit Card,N
O01054,C0172,2022-12-11,48.86,Books,5,10,Apple Pay,N
O01055,C0172,2023-02-21,123.8,Health,5,10,Debit Card,N
O01056,C0172,2023-02-28,129.99,Clothing,2,0,Bank Transfer,N
O01057,C0173,2022-01-03,476.09,Electronics,3,5,Apple Pay,N
O01058,C0173,2022-01-24,131.12,Automotive,4,5,PayPal,Y
O01059,C0173,2022-07-16,398.79,Sports,1,0,Apple Pay,Y
O01060,C0173,2022-09-16,268.52,Electronics,4,0,PayPal,N
O01061,C0173,2022-10-08,449.64,Electronics,2,15,Apple Pay,N
O01062,C0173,2023-03-14,465.14,Sports,2,0,PayPal,N
O01063,C0173,2023-04-10,342.92,Clothing,1,5,Apple Pay,N
O01064,C0173,2023-06-30,328.86,Beauty,3,0,Credit Card,N
O01065,C0173,2023-07-28,180.11,Beauty,1,20,PayPal,Y
O01066,C0173,2023-09-22,413.53,Clothing,5,10,Apple Pay,N
O01067,C0173,2023-10-19,342.65,Health,1,0,Credit Card,N
O01068,C0173,2023-11-21,238.51,Clothing,2,0,Apple Pay,N
O01069,C0173,2023-11-26,206.62,Toys,1,0,Credit Card,Y
O01070,C0173,2023-11-26,101.93,Toys,4,0,Bank Transfer,N
O01071,C0173,2023-11-29,177.91,Health,5,0,Apple Pay,N
O01072,C0173,2023-12-11,274.97,Toys,5,10,Credit Card,N
O01073,C0174,2022-01-13,131.18,Clothing,5,20,Debit Card,Y
O01074,C0174,2022-01-27,51.42,Automotive,3,0,Apple Pay,N
O01075,C0174,2022-04-16,153.19,Food & Grocery,2,0,Debit Card,N
O01076,C0174,2022-04-21,40.28,Books,5,5,Bank Transfer,N
O01077,C0174,2022-07-17,82.9,Automotive,2,0,Apple Pay,N
O01078,C0174,2022-12-03,132.57,Books,3,0,Bank Transfer,Y
O01079,C0174,2023-04-10,141.81,Home & Garden,1,0,Bank Transfer,Y
O01080,C0174,2023-06-14,175.98,Toys,3,0,Debit Card,N
O01081,C0174,2023-08-25,163.49,Beauty,2,15,Apple Pay,N
O01082,C0175,2022-11-03,50.59,Home & Garden,1,5,Credit Card,N
O01083,C0175,2022-12-10,33.65,Electronics,2,15,Debit Card,N
O01084,C0175,2023-08-03,68.03,Sports,4,15,PayPal,N
O01085,C0175,2023-08-16,32.45,Home & Garden,1,0,Credit Card,N
O01086,C0175,2023-09-23,45.42,Automotive,1,0,PayPal,N
O01087,C0176,2022-01-31,435.96,Sports,2,0,Credit Card,N
O01088,C0176,2022-02-14,434.01,Clothing,1,20,Debit Card,N
O01089,C0176,2022-06-28,355.05,Clothing,3,0,PayPal,N
O01090,C0176,2022-06-28,180.86,Beauty,2,10,Bank Transfer,N
O01091,C0176,2022-07-22,448.92,Clothing,1,0,Debit Card,N
O01092,C0176,2022-07-23,160.51,Toys,3,0,Bank Transfer,N
O01093,C0176,2022-08-13,490.33,Sports,1,20,Bank Transfer,Y
O01094,C0176,2022-09-26,159.42,Automotive,3,20,Debit Card,N
O01095,C0176,2022-10-18,183.81,Books,2,20,Bank Transfer,Y
O01096,C0176,2022-12-14,452.05,Sports,1,20,Apple Pay,Y
O01097,C0176,2023-01-04,107.25,Automotive,4,20,Bank Transfer,N
O01098,C0177,2022-07-03,151.66,Food & Grocery,4,0,Bank Transfer,N
O01099,C0177,2022-11-26,138.48,Health,1,0,Debit Card,N
O01100,C0177,2023-01-18,106.85,Sports,4,0,PayPal,N
O01101,C0177,2023-05-10,181.08,Health,2,20,PayPal,N
O01102,C0177,2023-06-23,123.59,Home & Garden,1,0,Apple Pay,Y
O01103,C0177,2023-12-13,89.77,Health,1,5,Bank Transfer,Y
O01104,C0177,2023-12-31,87.18,Food & Grocery,4,5,Apple Pay,N
O01105,C0178,2022-01-26,183.25,Books,5,10,Bank Transfer,N
O01106,C0178,2022-03-19,163.6,Sports,1,0,Credit Card,N
O01107,C0178,2022-07-03,36.51,Sports,3,0,PayPal,N
O01108,C0178,2022-08-28,81.46,Books,2,15,Bank Transfer,N
O01109,C0178,2022-09-29,199.73,Automotive,3,0,PayPal,N
O01110,C0178,2022-10-07,169.79,Toys,4,20,Bank Transfer,N
O01111,C0178,2023-01-03,110.24,Automotive,2,20,Apple Pay,N
O01112,C0178,2023-01-27,68.58,Sports,4,0,Bank Transfer,Y
O01113,C0178,2023-03-29,163.62,Food & Grocery,4,0,Credit Card,N
O01114,C0178,2023-10-23,173.79,Toys,4,0,Apple Pay,N
O01115,C0179,2022-01-02,407.03,Automotive,3,0,Bank Transfer,N
O01116,C0179,2022-01-17,318.38,Electronics,2,0,PayPal,Y
O01117,C0179,2022-01-29,344.53,Health,5,10,Apple Pay,N
O01118,C0179,2022-02-09,165.77,Toys,1,10,Apple Pay,N
O01119,C0179,2022-02-13,279.41,Beauty,5,5,PayPal,N
O01120,C0179,2022-02-15,152.0,Automotive,2,0,Bank Transfer,N
O01121,C0179,2022-02-21,91.27,Sports,1,5,PayPal,N
O01122,C0179,2022-02-23,177.88,Automotive,1,5,Credit Card,N
O01123,C0179,2022-02-24,297.78,Home & Garden,3,20,Apple Pay,N
O01124,C0179,2022-03-05,145.95,Clothing,2,10,Apple Pay,N
O01125,C0179,2022-03-15,392.12,Toys,2,0,Debit Card,N
O01126,C0179,2022-03-26,261.52,Food & Grocery,2,10,Bank Transfer,N
O01127,C0179,2022-03-29,326.75,Automotive,4,0,Debit Card,N
O01128,C0179,2022-04-05,496.26,Food & Grocery,1,20,Apple Pay,Y
O01129,C0179,2022-04-07,419.18,Automotive,3,10,Apple Pay,N
O01130,C0179,2022-04-08,274.33,Electronics,1,0,Apple Pay,N
O01131,C0180,2022-03-31,36.18,Health,4,5,Apple Pay,N
O01132,C0180,2022-08-01,74.37,Clothing,4,15,Credit Card,N
O01133,C0180,2023-03-12,90.27,Home & Garden,3,15,Bank Transfer,N
O01134,C0181,2022-08-11,73.47,Automotive,1,0,Credit Card,N
O01135,C0181,2023-05-21,85.57,Beauty,4,5,Debit Card,N
O01136,C0181,2023-12-16,46.96,Electronics,4,0,Credit Card,N
O01137,C0182,2022-01-11,150.55,Home & Garden,3,15,Apple Pay,N
O01138,C0182,2022-02-08,108.43,Clothing,5,15,Debit Card,N
O01139,C0182,2022-04-28,53.84,Books,2,0,Credit Card,Y
O01140,C0182,2022-07-19,47.09,Books,1,10,Apple Pay,N
O01141,C0182,2022-09-14,43.19,Electronics,3,0,Apple Pay,N
O01142,C0182,2023-02-11,60.25,Electronics,5,0,Apple Pay,N
O01143,C0182,2023-02-13,172.21,Automotive,1,5,PayPal,N
O01144,C0183,2022-02-19,93.69,Sports,2,0,Credit Card,N
O01145,C0183,2022-07-26,34.75,Electronics,3,20,Debit Card,N
O01146,C0183,2022-09-13,67.5,Clothing,2,15,Debit Card,N
O01147,C0183,2023-01-22,100.67,Clothing,3,0,Bank Transfer,N
O01148,C0184,2022-01-13,272.69,Clothing,3,15,Bank Transfer,N
O01149,C0184,2022-01-16,98.45,Sports,4,0,Bank Transfer,N
O01150,C0184,2022-04-19,492.9,Clothing,5,20,Bank Transfer,N
O01151,C0184,2022-05-04,185.81,Clothing,5,0,Apple Pay,N
O01152,C0184,2022-06-27,219.46,Beauty,4,0,PayPal,N
O01153,C0184,2022-08-06,335.58,Health,4,5,Bank Transfer,N
O01154,C0184,2022-08-07,291.44,Electronics,2,0,Bank Transfer,N
O01155,C0184,2022-08-26,209.72,Toys,2,10,Credit Card,N
O01156,C0184,2022-11-20,137.77,Food & Grocery,3,0,Debit Card,N
O01157,C0184,2022-11-28,165.84,Electronics,2,15,Bank Transfer,N
O01158,C0184,2023-01-01,390.49,Beauty,2,0,PayPal,N
O01159,C0184,2023-02-03,298.77,Toys,3,20,Credit Card,N
O01160,C0184,2023-02-09,435.71,Beauty,3,0,Debit Card,Y
O01161,C0184,2023-02-16,102.71,Sports,2,10,Apple Pay,Y
O01162,C0184,2023-03-15,215.09,Food & Grocery,1,0,Apple Pay,N
O01163,C0184,2023-07-09,480.54,Electronics,2,0,Debit Card,N
O01164,C0184,2023-11-01,152.94,Automotive,2,0,Bank Transfer,N
O01165,C0185,2022-06-18,51.04,Health,2,0,PayPal,Y
O01166,C0185,2022-07-22,53.1,Sports,3,20,Apple Pay,N
O01167,C0185,2022-09-08,95.84,Beauty,4,5,Debit Card,N
O01168,C0185,2022-11-15,52.52,Automotive,5,15,Apple Pay,N
O01169,C0186,2022-04-20,30.82,Books,5,10,Debit Card,Y
O01170,C0186,2022-08-07,114.46,Books,4,5,PayPal,N
O01171,C0187,2022-02-06,63.32,Food & Grocery,2,0,Debit Card,N
O01172,C0187,2022-09-04,21.67,Automotive,3,5,Apple Pay,N
O01173,C0188,2022-11-12,69.49,Health,1,5,Credit Card,N
O01174,C0188,2023-01-18,47.71,Health,2,0,Apple Pay,N
O01175,C0188,2023-01-29,80.56,Beauty,5,15,Apple Pay,N
O01176,C0188,2023-05-17,74.2,Toys,4,15,Debit Card,N
O01177,C0189,2022-01-15,139.71,Books,5,5,Debit Card,N
O01178,C0189,2022-07-05,72.06,Health,2,0,Credit Card,N
O01179,C0189,2022-11-20,139.55,Toys,4,15,Bank Transfer,N
O01180,C0189,2022-12-07,118.15,Sports,4,0,Apple Pay,N
O01181,C0189,2022-12-13,147.61,Automotive,5,15,Apple Pay,Y
O01182,C0189,2022-12-24,82.36,Toys,1,0,Bank Transfer,N
O01183,C0189,2022-12-28,168.42,Books,2,15,Apple Pay,N
O01184,C0190,2022-01-02,354.9,Toys,2,0,PayPal,N
O01185,C0190,2022-03-13,375.7,Sports,4,0,Bank Transfer,N
O01186,C0190,2022-04-10,269.28,Sports,2,0,Credit Card,N
O01187,C0190,2023-03-03,419.86,Sports,3,20,Apple Pay,N
O01188,C0190,2023-03-04,343.27,Health,1,20,Debit Card,N
O01189,C0190,2023-05-19,203.11,Toys,1,0,Credit Card,N
O01190,C0190,2023-06-22,92.46,Sports,4,5,Credit Card,N
O01191,C0190,2023-12-15,105.64,Electronics,5,20,Credit Card,N
O01192,C0191,2022-01-08,235.73,Beauty,3,20,Debit Card,N
O01193,C0191,2022-09-30,359.33,Toys,5,0,PayPal,N
O01194,C0191,2022-12-11,418.63,Electronics,4,20,Apple Pay,N
O01195,C0191,2022-12-12,90.79,Clothing,5,0,Debit Card,N
O01196,C0191,2023-01-20,269.81,Food & Grocery,5,5,Debit Card,N
O01197,C0191,2023-03-16,494.2,Beauty,1,15,PayPal,N
O01198,C0191,2023-04-30,487.23,Beauty,4,0,Bank Transfer,N
O01199,C0191,2023-05-13,248.07,Health,1,0,Apple Pay,N
O01200,C0191,2023-06-17,494.49,Clothing,4,0,Bank Transfer,N
O01201,C0191,2023-09-10,379.02,Automotive,5,20,Bank Transfer,N
O01202,C0191,2023-09-11,133.7,Clothing,3,20,Bank Transfer,N
O01203,C0192,2022-04-29,71.32,Sports,2,0,Debit Card,N
O01204,C0192,2023-05-09,23.96,Electronics,2,0,Apple Pay,N
O01205,C0193,2022-04-03,219.78,Sports,5,20,Bank Transfer,N
O01206,C0193,2022-05-07,350.47,Toys,4,15,Bank Transfer,N
O01207,C0193,2022-05-20,419.55,Sports,3,0,PayPal,N
O01208,C0193,2023-05-03,126.78,Beauty,5,0,Credit Card,Y
O01209,C0193,2023-05-19,234.45,Beauty,4,10,Credit Card,N
O01210,C0193,2023-07-02,105.99,Automotive,2,20,Apple Pay,N
O01211,C0193,2023-10-11,214.25,Beauty,2,10,Bank Transfer,Y
O01212,C0193,2023-11-13,173.3,Toys,1,10,Apple Pay,N
O01213,C0193,2023-11-13,140.77,Books,2,5,Apple Pay,N
O01214,C0193,2023-11-18,332.62,Home & Garden,1,10,PayPal,N
O01215,C0193,2023-12-10,291.0,Clothing,3,20,Bank Transfer,N
O01216,C0194,2022-01-31,98.4,Beauty,2,20,Debit Card,N
O01217,C0194,2022-07-12,74.53,Electronics,2,20,Apple Pay,N
O01218,C0195,2022-06-13,148.84,Automotive,4,0,Apple Pay,N
O01219,C0195,2023-11-07,148.74,Toys,4,0,Bank Transfer,N
O01220,C0196,2022-02-25,354.95,Health,2,5,Apple Pay,N
O01221,C0196,2022-04-10,456.83,Sports,2,20,Debit Card,N
O01222,C0196,2022-05-15,232.13,Health,1,15,Debit Card,N
O01223,C0196,2022-07-19,479.17,Toys,2,0,Credit Card,N
O01224,C0196,2022-11-08,489.15,Home & Garden,1,0,Bank Transfer,N
O01225,C0196,2022-11-28,329.22,Home & Garden,4,0,Credit Card,N
O01226,C0196,2023-02-08,181.16,Food & Grocery,3,15,Bank Transfer,N
O01227,C0196,2023-04-14,354.17,Toys,1,20,Apple Pay,N
O01228,C0196,2023-07-16,195.59,Food & Grocery,3,0,Credit Card,N
O01229,C0196,2023-08-18,114.71,Food & Grocery,5,0,Credit Card,Y
O01230,C0196,2023-12-19,320.65,Health,4,0,Credit Card,Y
O01231,C0196,2023-12-28,156.06,Food & Grocery,4,0,Bank Transfer,N
O01232,C0197,2022-10-03,30.72,Electronics,4,10,Bank Transfer,Y
O01233,C0198,2022-01-03,166.62,Home & Garden,1,10,PayPal,N
O01234,C0198,2022-01-21,115.54,Clothing,5,0,PayPal,Y
O01235,C0198,2022-03-02,152.07,Electronics,2,0,Credit Card,Y
O01236,C0198,2022-03-04,459.94,Books,5,5,Debit Card,Y
O01237,C0198,2022-03-05,285.99,Beauty,5,0,Bank Transfer,Y
O01238,C0198,2022-03-07,294.45,Clothing,1,0,Credit Card,N
O01239,C0198,2022-04-03,139.5,Sports,2,10,Bank Transfer,N
O01240,C0198,2022-04-03,328.55,Books,2,15,Bank Transfer,N
O01241,C0198,2022-04-17,111.23,Books,3,5,Debit Card,N
O01242,C0198,2022-06-10,271.55,Books,4,15,Debit Card,Y
O01243,C0198,2022-08-17,165.58,Books,2,15,PayPal,Y
O01244,C0198,2022-10-03,356.07,Automotive,5,0,Apple Pay,N
O01245,C0198,2022-10-12,212.87,Toys,4,0,Bank Transfer,N
O01246,C0198,2022-10-22,112.56,Clothing,5,0,Bank Transfer,N
O01247,C0198,2022-11-03,107.7,Clothing,3,0,PayPal,N
O01248,C0199,2022-02-18,147.33,Sports,4,0,Credit Card,N
O01249,C0200,2022-11-10,32.42,Beauty,5,20,PayPal,Y
O01250,C0200,2023-05-17,55.24,Clothing,1,0,PayPal,N
O01251,C0200,2023-08-26,43.49,Automotive,5,10,Apple Pay,N
O01252,C0201,2022-01-09,63.24,Books,1,15,PayPal,N
O01253,C0201,2022-01-10,72.65,Toys,4,0,Apple Pay,N
O01254,C0201,2022-01-10,82.87,Automotive,3,0,Apple Pay,Y
O01255,C0201,2022-01-25,95.04,Sports,3,15,Credit Card,N
O01256,C0201,2022-02-02,49.55,Beauty,1,15,Credit Card,N
O01257,C0202,2022-01-08,31.0,Books,5,5,Credit Card,N
O01258,C0202,2022-01-22,108.01,Home & Garden,4,5,Bank Transfer,Y
O01259,C0202,2022-03-15,110.72,Toys,1,10,Debit Card,N
O01260,C0203,2022-02-13,106.27,Home & Garden,5,0,Debit Card,N
O01261,C0203,2022-09-08,92.4,Home & Garden,5,0,Credit Card,N
O01262,C0203,2022-12-20,114.24,Home & Garden,3,0,PayPal,N
O01263,C0203,2023-06-25,171.39,Clothing,3,0,Apple Pay,N
O01264,C0203,2023-07-02,75.01,Electronics,5,5,Debit Card,N
O01265,C0203,2023-09-14,187.95,Automotive,1,5,Bank Transfer,N
O01266,C0203,2023-09-16,39.77,Electronics,5,5,PayPal,N
O01267,C0203,2023-11-09,90.16,Electronics,3,15,Debit Card,N
O01268,C0203,2023-12-02,90.27,Clothing,4,5,Debit Card,N
O01269,C0204,2022-01-16,20.9,Books,2,5,Apple Pay,N
O01270,C0204,2022-02-22,58.91,Toys,2,10,PayPal,N
O01271,C0204,2022-03-04,148.62,Food & Grocery,2,0,PayPal,N
O01272,C0205,2022-02-11,256.84,Beauty,1,0,Debit Card,N
O01273,C0205,2022-04-24,483.07,Books,1,5,Apple Pay,Y
O01274,C0205,2022-05-17,288.14,Home & Garden,3,20,Apple Pay,Y
O01275,C0205,2022-07-14,384.92,Toys,2,0,Credit Card,N
O01276,C0205,2022-07-23,132.97,Beauty,5,0,Debit Card,N
O01277,C0205,2022-10-19,364.89,Beauty,4,10,Credit Card,N
O01278,C0205,2023-02-09,281.68,Books,4,0,Apple Pay,N
O01279,C0205,2023-12-28,339.4,Automotive,2,0,PayPal,N
O01280,C0206,2022-09-11,31.87,Clothing,5,10,Debit Card,N
O01281,C0206,2023-03-16,99.37,Health,2,0,Credit Card,N
O01282,C0206,2023-11-14,49.11,Books,2,0,Apple Pay,N
O01283,C0207,2022-01-25,59.84,Sports,2,0,Apple Pay,N
O01284,C0207,2022-01-27,27.98,Toys,1,0,Credit Card,N
O01285,C0207,2022-02-03,67.26,Beauty,4,0,PayPal,N
O01286,C0208,2022-01-14,110.25,Health,1,5,Debit Card,N
O01287,C0208,2022-01-19,191.22,Beauty,3,0,Credit Card,N
O01288,C0208,2022-01-21,143.72,Automotive,2,0,PayPal,N
O01289,C0208,2022-02-12,156.3,Health,5,10,PayPal,N
O01290,C0208,2022-02-17,140.54,Sports,5,5,Credit Card,N
O01291,C0209,2022-02-12,168.96,Sports,4,0,Credit Card,Y
O01292,C0209,2022-05-04,135.23,Books,4,20,Debit Card,Y
O01293,C0209,2023-08-24,152.53,Electronics,2,0,Apple Pay,Y
O01294,C0209,2023-09-09,150.97,Automotive,3,0,Apple Pay,N
O01295,C0209,2023-11-02,184.84,Clothing,4,5,Bank Transfer,Y
O01296,C0210,2022-02-03,39.62,Health,1,20,Debit Card,N
O01297,C0211,2022-03-18,41.52,Automotive,4,10,Apple Pay,N
O01298,C0211,2023-06-10,98.94,Sports,2,0,Debit Card,Y
O01299,C0212,2022-01-10,53.71,Automotive,3,0,Debit Card,N
O01300,C0212,2023-06-10,75.2,Automotive,1,0,Debit Card,N
O01301,C0213,2022-01-10,140.54,Books,1,15,Debit Card,N
O01302,C0213,2022-01-18,89.5,Electronics,3,15,Bank Transfer,N
O01303,C0213,2022-02-10,62.19,Automotive,3,15,Debit Card,N
O01304,C0214,2022-01-01,127.11,Sports,3,0,PayPal,N
O01305,C0214,2022-02-10,89.86,Health,1,15,Apple Pay,N
O01306,C0214,2022-02-22,133.1,Health,5,0,Apple Pay,N
O01307,C0215,2022-03-21,52.91,Toys,3,0,Apple Pay,N
O01308,C0215,2022-07-22,57.16,Food & Grocery,2,20,Debit Card,N
O01309,C0215,2022-11-19,63.42,Home & Garden,3,0,PayPal,N
O01310,C0216,2022-03-13,42.25,Sports,4,15,Apple Pay,N
O01311,C0216,2022-05-27,153.13,Home & Garden,1,10,Credit Card,N
O01312,C0216,2022-07-12,95.28,Clothing,1,20,Credit Card,N
O01313,C0216,2023-09-15,72.22,Clothing,3,0,Bank Transfer,N
O01314,C0216,2023-12-05,164.71,Electronics,1,10,PayPal,N
O01315,C0217,2022-08-16,84.31,Books,3,5,Debit Card,N
O01316,C0217,2022-10-16,19.75,Books,5,0,Credit Card,N
O01317,C0218,2022-03-07,135.24,Toys,2,0,Debit Card,N
O01318,C0219,2022-05-31,186.69,Toys,1,5,Debit Card,N
O01319,C0219,2022-08-20,68.17,Books,3,0,Bank Transfer,N
O01320,C0219,2022-10-21,50.12,Clothing,1,10,Debit Card,N
O01321,C0219,2022-12-28,102.87,Beauty,5,0,Apple Pay,N
O01322,C0219,2023-11-03,181.83,Books,5,20,PayPal,N
O01323,C0220,2022-07-08,141.27,Clothing,1,20,Debit Card,N
O01324,C0221,2022-02-04,34.71,Toys,3,0,Credit Card,N
O01325,C0221,2022-09-02,149.32,Home & Garden,4,0,PayPal,N
O01326,C0222,2022-05-22,303.64,Sports,4,0,Bank Transfer,N
O01327,C0222,2022-09-09,301.32,Sports,1,0,PayPal,N
O01328,C0222,2022-12-08,165.38,Electronics,3,10,Apple Pay,N
O01329,C0222,2023-01-28,466.78,Electronics,3,0,Debit Card,N
O01330,C0222,2023-02-28,273.36,Automotive,4,0,Debit Card,N
O01331,C0222,2023-03-05,103.46,Home & Garden,1,15,Debit Card,N
O01332,C0222,2023-05-20,387.89,Toys,3,0,Credit Card,Y
O01333,C0222,2023-05-25,110.98,Health,2,0,Debit Card,N
O01334,C0222,2023-07-01,139.34,Sports,1,0,Bank Transfer,N
O01335,C0222,2023-07-06,142.88,Home & Garden,4,15,Debit Card,Y
O01336,C0222,2023-07-17,373.4,Books,4,5,PayPal,N
O01337,C0222,2023-09-09,408.19,Electronics,3,0,Debit Card,N
O01338,C0222,2023-10-14,450.09,Electronics,5,20,Debit Card,Y
O01339,C0222,2023-11-01,147.35,Toys,4,15,Apple Pay,Y
O01340,C0223,2022-04-05,118.66,Home & Garden,2,5,Bank Transfer,N
O01341,C0223,2022-06-10,67.21,Home & Garden,5,10,Credit Card,N
O01342,C0223,2022-08-21,111.16,Toys,4,0,Credit Card,N
O01343,C0223,2022-10-06,139.93,Sports,3,0,Credit Card,N
O01344,C0223,2022-11-10,91.66,Beauty,1,0,PayPal,N
O01345,C0223,2023-03-10,122.07,Clothing,2,10,Credit Card,N
O01346,C0223,2023-05-29,61.92,Sports,1,0,PayPal,N
O01347,C0223,2023-08-09,196.03,Health,1,10,Apple Pay,N
O01348,C0223,2023-12-28,38.17,Clothing,3,0,PayPal,N
O01349,C0224,2022-04-11,66.26,Home & Garden,1,0,Apple Pay,Y
O01350,C0224,2022-07-05,33.13,Home & Garden,1,10,Apple Pay,N
O01351,C0225,2022-02-08,496.76,Health,5,20,PayPal,N
O01352,C0225,2022-03-22,409.85,Beauty,3,0,Bank Transfer,N
O01353,C0225,2022-04-06,96.81,Toys,2,0,Bank Transfer,Y
O01354,C0225,2022-05-25,111.5,Home & Garden,5,15,Apple Pay,N
O01355,C0225,2022-06-05,417.99,Home & Garden,3,10,Credit Card,N
O01356,C0225,2022-06-14,119.53,Beauty,2,0,Debit Card,N
O01357,C0225,2022-06-15,197.65,Beauty,3,0,Credit Card,N
O01358,C0225,2022-08-09,378.48,Food & Grocery,3,5,PayPal,N
O01359,C0225,2022-08-26,353.12,Home & Garden,1,10,Apple Pay,N
O01360,C0225,2022-10-25,232.66,Books,4,5,Bank Transfer,N
O01361,C0225,2023-04-20,265.15,Automotive,5,0,PayPal,N
O01362,C0225,2023-05-29,366.52,Automotive,4,0,Credit Card,Y
O01363,C0225,2023-06-13,490.52,Electronics,2,15,Bank Transfer,N
O01364,C0225,2023-10-03,144.92,Clothing,3,5,Debit Card,Y
O01365,C0225,2023-11-01,247.7,Clothing,2,5,Apple Pay,N
O01366,C0225,2023-11-29,226.55,Food & Grocery,5,20,Apple Pay,N
O01367,C0225,2023-11-30,116.05,Clothing,4,20,Apple Pay,N
O01368,C0226,2022-02-24,74.69,Food & Grocery,1,0,Apple Pay,N
O01369,C0226,2022-03-29,61.33,Food & Grocery,2,15,Debit Card,N
O01370,C0226,2022-05-05,63.3,Health,4,0,PayPal,N
O01371,C0226,2022-06-04,98.18,Sports,1,0,Credit Card,N
O01372,C0227,2022-01-11,29.0,Toys,1,0,Apple Pay,N
O01373,C0227,2022-01-19,88.22,Books,2,20,Credit Card,N
O01374,C0228,2022-06-18,121.04,Home & Garden,4,0,Bank Transfer,N
O01375,C0228,2022-07-23,169.91,Automotive,5,0,Credit Card,Y
O01376,C0228,2022-11-01,134.81,Beauty,3,0,Debit Card,N
O01377,C0228,2022-12-24,188.75,Food & Grocery,3,0,Apple Pay,N
O01378,C0228,2023-03-06,118.52,Electronics,4,20,Debit Card,N
O01379,C0228,2023-05-02,138.62,Health,1,0,Debit Card,N
O01380,C0228,2023-05-09,101.43,Automotive,2,10,Apple Pay,N
O01381,C0229,2022-01-04,115.35,Clothing,4,15,Apple Pay,N
O01382,C0229,2022-01-05,99.77,Beauty,5,5,Bank Transfer,N
O01383,C0229,2022-03-19,49.27,Home & Garden,4,5,PayPal,N
O01384,C0229,2022-03-20,123.97,Home & Garden,5,5,Apple Pay,N
O01385,C0229,2022-04-04,173.67,Toys,3,15,Bank Transfer,N
O01386,C0229,2022-04-05,199.21,Clothing,1,15,Credit Card,Y
O01387,C0230,2022-02-21,128.81,Electronics,3,20,Apple Pay,N
O01388,C0230,2022-08-16,67.89,Food & Grocery,5,5,Credit Card,N
O01389,C0230,2022-09-15,175.58,Clothing,3,20,Apple Pay,N
O01390,C0230,2022-10-06,184.36,Toys,1,0,Debit Card,Y
O01391,C0230,2022-11-16,78.21,Books,3,20,Apple Pay,N
O01392,C0230,2022-11-21,30.71,Toys,1,0,Credit Card,N
O01393,C0230,2023-01-20,164.39,Automotive,5,0,PayPal,N
O01394,C0231,2022-07-17,69.78,Electronics,5,5,Debit Card,N
O01395,C0231,2022-09-05,98.08,Home & Garden,4,0,Bank Transfer,N
O01396,C0231,2023-02-05,52.18,Clothing,2,10,Credit Card,Y
O01397,C0231,2023-07-24,81.66,Books,5,0,PayPal,N
O01398,C0231,2023-09-24,22.93,Electronics,4,0,Bank Transfer,N
O01399,C0232,2022-03-22,34.3,Home & Garden,4,15,PayPal,N
O01400,C0232,2023-01-27,70.75,Sports,3,0,Bank Transfer,N
O01401,C0232,2023-07-11,153.47,Toys,3,15,Credit Card,N
O01402,C0232,2023-08-09,44.1,Home & Garden,1,15,Bank Transfer,N
O01403,C0233,2022-03-04,24.1,Books,3,0,Credit Card,N
O01404,C0234,2022-04-14,82.61,Toys,1,5,Credit Card,N
O01405,C0234,2022-08-01,73.42,Toys,3,15,Apple Pay,N
O01406,C0234,2023-02-05,30.28,Electronics,2,15,Bank Transfer,Y
O01407,C0234,2023-05-18,87.66,Clothing,3,0,Apple Pay,Y
O01408,C0235,2022-01-31,33.92,Automotive,2,0,PayPal,N
O01409,C0235,2022-05-05,182.76,Electronics,3,0,Debit Card,N
O01410,C0235,2022-06-12,153.72,Home & Garden,3,0,Apple Pay,N
O01411,C0235,2022-07-17,192.05,Beauty,5,15,PayPal,N
O01412,C0235,2022-09-18,156.68,Food & Grocery,4,10,Apple Pay,N
O01413,C0235,2023-06-19,72.52,Sports,3,5,Credit Card,Y
O01414,C0235,2023-07-03,164.84,Health,3,0,Debit Card,N
O01415,C0235,2023-09-13,103.69,Food & Grocery,4,10,PayPal,N
O01416,C0236,2022-02-21,91.32,Clothing,4,0,Credit Card,Y
O01417,C0236,2022-04-01,36.51,Toys,3,10,Bank Transfer,N
O01418,C0236,2022-04-06,48.86,Clothing,2,20,PayPal,N
O01419,C0236,2022-04-20,82.23,Beauty,2,0,Debit Card,N
O01420,C0236,2022-05-26,46.62,Beauty,1,0,PayPal,N
O01421,C0237,2022-04-30,20.63,Books,5,0,Bank Transfer,N
O01422,C0237,2022-06-14,23.75,Books,5,20,Credit Card,Y
O01423,C0237,2022-10-15,90.88,Toys,4,0,PayPal,N
O01424,C0238,2022-09-13,26.08,Books,4,0,Credit Card,N
O01425,C0239,2023-01-28,35.1,Electronics,3,0,Bank Transfer,N
O01426,C0239,2023-08-29,92.49,Books,2,20,Apple Pay,N
O01427,C0240,2022-01-17,54.94,Toys,3,0,PayPal,N
O01428,C0240,2022-02-10,49.03,Automotive,3,5,Bank Transfer,N
O01429,C0240,2022-03-13,48.43,Food & Grocery,4,20,Credit Card,N
O01430,C0240,2022-12-12,94.7,Clothing,1,0,Credit Card,N
O01431,C0240,2023-10-23,26.79,Beauty,4,0,Debit Card,N
O01432,C0241,2022-01-06,190.77,Health,4,0,Debit Card,N
O01433,C0241,2022-02-14,325.05,Clothing,2,0,Debit Card,Y
O01434,C0241,2022-02-19,452.88,Toys,4,15,Credit Card,Y
O01435,C0241,2022-02-23,301.59,Health,4,15,Apple Pay,N
O01436,C0241,2022-03-18,215.2,Food & Grocery,2,0,PayPal,N
O01437,C0241,2022-04-24,378.78,Beauty,5,20,Debit Card,N
O01438,C0241,2022-09-23,371.89,Clothing,4,0,Debit Card,N
O01439,C0241,2022-11-08,361.61,Food & Grocery,4,0,Apple Pay,N
O01440,C0241,2023-01-13,222.99,Health,5,10,PayPal,N
O01441,C0241,2023-07-05,377.58,Home & Garden,5,0,Debit Card,N
O01442,C0241,2023-12-06,465.01,Toys,4,20,Bank Transfer,Y
O01443,C0242,2022-03-12,38.62,Home & Garden,3,20,Bank Transfer,N
O01444,C0242,2022-07-12,27.52,Clothing,1,0,Credit Card,N
O01445,C0243,2022-09-29,78.84,Books,1,10,Credit Card,N
O01446,C0244,2022-03-27,19.52,Books,3,0,Credit Card,N
O01447,C0244,2022-04-21,77.22,Toys,2,0,Debit Card,N
O01448,C0244,2022-05-09,30.01,Books,5,10,Apple Pay,Y
O01449,C0244,2022-05-11,51.85,Electronics,2,0,Debit Card,N
O01450,C0245,2023-08-13,37.63,Clothing,5,0,PayPal,N
O01451,C0246,2022-04-14,388.23,Clothing,2,10,Bank Transfer,N
O01452,C0246,2022-06-25,390.42,Sports,2,0,Credit Card,N
O01453,C0246,2022-07-28,158.68,Food & Grocery,2,0,Apple Pay,N
O01454,C0246,2022-07-30,220.3,Home & Garden,3,0,Debit Card,N
O01455,C0246,2022-08-14,329.48,Food & Grocery,5,0,Apple Pay,N
O01456,C0246,2022-10-02,278.48,Electronics,1,10,PayPal,N
O01457,C0246,2022-10-22,300.61,Home & Garden,2,20,Credit Card,N
O01458,C0246,2022-10-22,207.93,Beauty,4,5,PayPal,Y
O01459,C0246,2022-12-22,188.08,Food & Grocery,3,0,Apple Pay,N
O01460,C0246,2023-02-06,427.65,Books,3,10,Bank Transfer,N
O01461,C0246,2023-02-07,127.36,Automotive,1,0,Apple Pay,N
O01462,C0246,2023-02-19,356.93,Home & Garden,3,5,Credit Card,N
O01463,C0246,2023-05-23,322.59,Toys,3,0,Credit Card,N
O01464,C0246,2023-09-03,466.67,Toys,1,0,Bank Transfer,N
O01465,C0246,2023-10-15,494.68,Automotive,2,0,PayPal,N
O01466,C0246,2023-12-10,244.23,Toys,3,0,Debit Card,N
O01467,C0246,2023-12-24,323.4,Beauty,5,0,Apple Pay,N
O01468,C0247,2022-04-23,146.03,Food & Grocery,2,5,Debit Card,Y
O01469,C0247,2022-10-23,145.67,Health,5,15,Debit Card,N
O01470,C0247,2022-12-22,83.29,Clothing,3,0,Apple Pay,N
O01471,C0248,2022-01-01,185.6,Beauty,3,20,Bank Transfer,Y
O01472,C0248,2022-01-06,145.12,Clothing,3,0,Debit Card,N
O01473,C0248,2022-02-21,325.79,Clothing,3,0,Credit Card,N
O01474,C0248,2022-02-24,471.83,Sports,4,5,Apple Pay,N
O01475,C0248,2022-05-07,455.07,Books,5,0,Debit Card,Y
O01476,C0248,2022-11-10,263.04,Beauty,5,0,Debit Card,N
O01477,C0248,2022-12-27,136.99,Automotive,2,0,PayPal,N
O01478,C0248,2023-03-17,204.88,Food & Grocery,5,0,Apple Pay,N
O01479,C0248,2023-05-16,120.34,Automotive,4,15,PayPal,Y
O01480,C0248,2023-08-31,472.65,Beauty,4,0,Apple Pay,N
O01481,C0248,2023-11-08,256.61,Toys,4,0,Bank Transfer,N
O01482,C0249,2022-02-01,64.33,Beauty,2,10,Bank Transfer,Y
O01483,C0249,2022-02-08,89.61,Electronics,4,0,Apple Pay,N
O01484,C0249,2022-03-20,54.34,Automotive,4,20,Credit Card,N
O01485,C0249,2022-04-11,19.65,Clothing,3,10,Credit Card,N
O01486,C0250,2022-01-16,96.0,Automotive,1,15,Debit Card,Y
O01487,C0250,2022-02-01,38.74,Food & Grocery,2,0,Debit Card,N
O01488,C0250,2022-07-09,101.67,Electronics,4,10,Debit Card,N
O01489,C0251,2022-03-03,87.58,Sports,2,0,Apple Pay,N
O01490,C0252,2022-02-26,169.69,Food & Grocery,5,0,Apple Pay,N
O01491,C0252,2022-05-05,138.15,Home & Garden,2,20,Debit Card,N
O01492,C0252,2022-07-08,116.96,Automotive,2,5,Apple Pay,N
O01493,C0252,2022-08-29,79.21,Clothing,5,5,PayPal,N
O01494,C0252,2022-09-24,96.5,Clothing,4,5,Apple Pay,N
O01495,C0252,2022-11-04,34.76,Food & Grocery,1,10,Apple Pay,N
O01496,C0252,2023-02-05,128.69,Electronics,5,5,Credit Card,N
O01497,C0252,2023-02-19,193.68,Food & Grocery,4,0,Credit Card,N
O01498,C0252,2023-05-11,90.82,Automotive,2,0,Bank Transfer,N
O01499,C0252,2023-07-14,117.22,Home & Garden,2,0,Bank Transfer,N
O01500,C0253,2022-05-24,122.04,Books,4,0,Apple Pay,N
O01501,C0253,2022-10-13,145.13,Health,2,10,Bank Transfer,Y
O01502,C0254,2022-03-31,64.68,Toys,1,0,Credit Card,N
O01503,C0254,2022-05-29,34.69,Clothing,4,15,Apple Pay,N
O01504,C0254,2022-05-31,79.59,Sports,1,0,Apple Pay,N
O01505,C0255,2022-01-10,159.77,Health,1,0,PayPal,N
O01506,C0255,2022-01-19,148.78,Toys,2,15,Bank Transfer,Y
O01507,C0255,2022-01-30,63.95,Books,4,5,PayPal,N
O01508,C0255,2022-04-24,64.2,Home & Garden,4,20,Bank Transfer,N
O01509,C0256,2022-12-09,32.51,Electronics,2,0,PayPal,N
O01510,C0257,2022-03-15,416.67,Food & Grocery,4,15,Apple Pay,N
O01511,C0257,2022-05-22,319.04,Home & Garden,5,0,Credit Card,N
O01512,C0257,2022-07-09,289.46,Electronics,5,10,PayPal,N
O01513,C0257,2022-07-14,174.09,Books,3,5,PayPal,N
O01514,C0257,2022-08-01,446.43,Home & Garden,3,0,Bank Transfer,Y
O01515,C0257,2022-12-15,181.39,Automotive,5,10,PayPal,N
O01516,C0257,2022-12-27,339.83,Automotive,1,10,Apple Pay,N
O01517,C0257,2023-01-01,354.36,Electronics,3,5,PayPal,N
O01518,C0257,2023-05-01,220.51,Electronics,2,0,Bank Transfer,N
O01519,C0257,2023-05-24,468.15,Electronics,2,5,Credit Card,Y
O01520,C0257,2023-05-28,459.82,Electronics,3,0,Apple Pay,Y
O01521,C0257,2023-06-25,390.5,Clothing,5,5,Debit Card,N
O01522,C0257,2023-07-27,383.8,Clothing,1,5,Bank Transfer,N
O01523,C0257,2023-08-08,353.14,Toys,4,0,Debit Card,N
O01524,C0257,2023-09-26,471.12,Electronics,2,10,Bank Transfer,N
O01525,C0257,2023-10-20,366.42,Electronics,5,5,Credit Card,N
O01526,C0257,2023-11-30,401.59,Home & Garden,4,15,Apple Pay,Y
O01527,C0258,2022-03-01,118.64,Electronics,2,5,Bank Transfer,Y
O01528,C0258,2022-05-01,99.23,Electronics,2,20,Credit Card,N
O01529,C0258,2022-07-18,103.79,Food & Grocery,2,0,Credit Card,N
O01530,C0258,2022-08-26,226.86,Sports,3,0,Bank Transfer,N
O01531,C0258,2022-09-01,281.05,Clothing,1,0,PayPal,Y
O01532,C0258,2022-12-18,166.46,Beauty,2,5,PayPal,N
O01533,C0258,2022-12-27,407.69,Books,2,10,PayPal,N
O01534,C0258,2023-01-12,373.06,Automotive,1,0,PayPal,N
O01535,C0258,2023-03-24,376.31,Health,4,0,Credit Card,N
O01536,C0258,2023-09-23,463.06,Automotive,2,0,Bank Transfer,N
O01537,C0259,2023-02-08,38.45,Sports,4,15,Apple Pay,N
O01538,C0260,2022-01-18,38.63,Toys,3,20,Credit Card,N
O01539,C0261,2023-01-29,22.45,Toys,4,5,Credit Card,N
O01540,C0261,2023-05-23,46.74,Home & Garden,4,10,Credit Card,N
O01541,C0262,2022-01-27,223.2,Health,4,20,Apple Pay,N
O01542,C0262,2022-01-29,419.11,Automotive,4,15,PayPal,Y
O01543,C0262,2022-08-10,274.67,Health,5,20,Bank Transfer,N
O01544,C0262,2022-09-26,148.27,Toys,4,15,Debit Card,N
O01545,C0262,2022-12-11,461.24,Books,3,0,Debit Card,Y
O01546,C0262,2022-12-23,204.25,Health,4,0,Bank Transfer,N
O01547,C0262,2023-08-29,231.91,Books,5,0,Credit Card,N
O01548,C0262,2023-09-16,318.75,Beauty,3,20,Debit Card,N
O01549,C0263,2022-01-03,189.01,Food & Grocery,2,0,Debit Card,N
O01550,C0263,2022-01-04,445.92,Electronics,2,0,Credit Card,N
O01551,C0263,2022-01-05,367.47,Food & Grocery,5,0,Credit Card,Y
O01552,C0263,2022-01-06,381.29,Electronics,3,0,Credit Card,N
O01553,C0263,2022-01-12,306.99,Electronics,5,0,PayPal,N
O01554,C0263,2022-01-14,112.54,Food & Grocery,1,10,Credit Card,N
O01555,C0263,2022-01-17,165.7,Health,3,20,Apple Pay,N
O01556,C0263,2022-01-18,349.59,Books,2,0,PayPal,Y
O01557,C0263,2022-01-18,411.03,Beauty,4,15,PayPal,N
O01558,C0263,2022-01-21,475.84,Books,5,0,Debit Card,N
O01559,C0263,2022-01-23,98.74,Home & Garden,5,0,Credit Card,Y
O01560,C0263,2022-01-27,168.82,Beauty,5,15,Bank Transfer,Y
O01561,C0263,2022-01-29,379.39,Sports,4,20,Bank Transfer,N
O01562,C0263,2022-01-30,355.96,Home & Garden,4,20,Credit Card,N
O01563,C0263,2022-01-31,482.62,Sports,5,10,Bank Transfer,Y
O01564,C0264,2022-02-22,83.88,Sports,5,0,Debit Card,N
O01565,C0264,2022-05-05,71.32,Beauty,2,5,PayPal,N
O01566,C0264,2023-03-28,147.82,Food & Grocery,4,0,Credit Card,N
O01567,C0264,2023-04-29,125.28,Clothing,3,15,Apple Pay,Y
O01568,C0264,2023-06-17,69.16,Toys,2,10,Debit Card,Y
O01569,C0264,2023-06-22,71.64,Toys,5,15,Debit Card,Y
O01570,C0264,2023-06-25,74.25,Books,3,0,Credit Card,N
O01571,C0264,2023-09-14,99.45,Automotive,2,10,Apple Pay,N
O01572,C0264,2023-11-07,182.98,Food & Grocery,1,0,Credit Card,N
O01573,C0265,2022-02-04,34.07,Home & Garden,1,0,Bank Transfer,Y
O01574,C0265,2022-04-14,186.17,Toys,3,0,Apple Pay,Y
O01575,C0265,2022-05-10,71.04,Books,1,0,PayPal,Y
O01576,C0265,2023-03-18,133.49,Clothing,1,0,PayPal,N
O01577,C0265,2023-04-27,184.81,Food & Grocery,4,0,Apple Pay,N
O01578,C0265,2023-12-30,154.69,Health,5,0,Debit Card,N
O01579,C0266,2022-02-19,297.42,Automotive,5,10,Apple Pay,N
O01580,C0266,2022-04-10,215.58,Beauty,2,0,Credit Card,N
O01581,C0266,2022-06-30,260.83,Books,5,10,PayPal,N
O01582,C0266,2022-08-26,225.89,Home & Garden,1,0,PayPal,N
O01583,C0266,2022-10-14,264.35,Home & Garden,3,0,Bank Transfer,N
O01584,C0266,2022-11-01,468.3,Books,2,0,Debit Card,Y
O01585,C0266,2022-11-25,432.29,Home & Garden,1,10,Credit Card,Y
O01586,C0266,2022-12-16,305.92,Sports,1,5,Credit Card,N
O01587,C0266,2023-01-24,165.32,Health,4,15,Apple Pay,Y
O01588,C0266,2023-03-26,133.0,Food & Grocery,3,0,Credit Card,N
O01589,C0266,2023-04-10,453.33,Food & Grocery,3,0,Debit Card,N
O01590,C0266,2023-05-21,387.29,Clothing,3,20,Credit Card,N
O01591,C0266,2023-06-05,385.49,Beauty,2,10,PayPal,N
O01592,C0266,2023-08-01,270.45,Automotive,1,15,PayPal,N
O01593,C0266,2023-08-26,262.02,Automotive,3,0,Bank Transfer,N
O01594,C0266,2023-10-27,478.66,Electronics,2,0,Bank Transfer,N
O01595,C0266,2023-11-22,446.29,Sports,2,0,Apple Pay,N
O01596,C0267,2022-05-15,68.96,Clothing,5,20,Debit Card,N
O01597,C0267,2022-07-23,51.92,Food & Grocery,5,10,Debit Card,N
O01598,C0267,2022-10-17,18.3,Books,5,5,Bank Transfer,N
O01599,C0267,2023-05-24,69.21,Food & Grocery,5,15,Debit Card,N
O01600,C0268,2022-04-09,171.95,Books,4,5,PayPal,N
O01601,C0268,2022-10-30,358.22,Clothing,2,5,PayPal,N
O01602,C0268,2023-01-01,225.98,Toys,2,20,Apple Pay,N
O01603,C0268,2023-02-06,332.44,Sports,1,0,PayPal,Y
O01604,C0268,2023-05-08,170.34,Toys,1,10,PayPal,N
O01605,C0268,2023-05-12,363.5,Toys,4,20,Apple Pay,N
O01606,C0268,2023-05-17,247.45,Electronics,3,5,Debit Card,N
O01607,C0268,2023-07-11,347.23,Electronics,3,5,Apple Pay,N
O01608,C0268,2023-09-05,320.45,Home & Garden,5,0,Credit Card,Y
O01609,C0268,2023-10-08,336.52,Home & Garden,5,10,Credit Card,N
O01610,C0268,2023-11-16,417.01,Clothing,3,0,Bank Transfer,N
O01611,C0269,2023-01-06,60.52,Home & Garden,5,5,Debit Card,N
O01612,C0270,2022-01-04,158.37,Automotive,1,10,Apple Pay,N
O01613,C0270,2022-01-06,37.19,Books,3,0,Debit Card,N
O01614,C0270,2022-01-10,35.74,Clothing,4,15,Apple Pay,N
O01615,C0270,2022-02-25,169.11,Books,1,0,Credit Card,Y
O01616,C0270,2022-03-05,152.76,Toys,1,0,Bank Transfer,Y
O01617,C0270,2022-03-26,186.23,Clothing,5,20,Apple Pay,N
O01618,C0270,2022-04-16,171.35,Books,3,5,Bank Transfer,N
O01619,C0270,2022-05-22,81.37,Food & Grocery,2,0,PayPal,Y
O01620,C0270,2022-07-07,110.14,Books,4,0,Debit Card,N
O01621,C0270,2022-08-05,125.37,Food & Grocery,3,15,Bank Transfer,Y
O01622,C0271,2022-07-21,143.69,Automotive,1,5,Debit Card,Y
O01623,C0272,2022-04-22,219.62,Clothing,1,10,Debit Card,N
O01624,C0272,2022-08-26,443.23,Food & Grocery,5,0,Credit Card,N
O01625,C0272,2022-11-15,249.34,Food & Grocery,5,15,Bank Transfer,N
O01626,C0272,2023-01-14,104.75,Food & Grocery,3,5,PayPal,N
O01627,C0272,2023-04-03,430.42,Electronics,3,15,Bank Transfer,Y
O01628,C0272,2023-05-04,250.74,Electronics,3,15,Debit Card,Y
O01629,C0272,2023-07-31,413.77,Automotive,4,0,Debit Card,N
O01630,C0272,2023-10-21,273.78,Food & Grocery,5,10,Credit Card,N
O01631,C0273,2022-01-14,342.99,Automotive,4,0,Bank Transfer,N
O01632,C0273,2022-02-09,247.75,Books,1,5,PayPal,N
O01633,C0273,2022-04-27,299.44,Health,3,10,Debit Card,N
O01634,C0273,2022-05-05,201.88,Sports,5,15,PayPal,Y
O01635,C0273,2022-05-11,333.9,Food & Grocery,4,0,PayPal,N
O01636,C0273,2022-06-15,148.98,Food & Grocery,1,0,Apple Pay,N
O01637,C0273,2022-06-20,143.15,Clothing,1,0,Debit Card,N
O01638,C0273,2022-06-24,371.5,Automotive,4,0,Credit Card,N
O01639,C0273,2022-07-22,342.49,Health,2,0,PayPal,Y
O01640,C0273,2023-01-20,451.0,Beauty,1,0,PayPal,N
O01641,C0273,2023-03-11,424.72,Toys,5,15,PayPal,N
O01642,C0273,2023-03-25,342.29,Toys,3,10,Bank Transfer,N
O01643,C0273,2023-05-23,112.54,Home & Garden,1,15,Debit Card,N
O01644,C0273,2023-06-17,154.9,Health,1,0,Bank Transfer,Y
O01645,C0274,2022-01-03,279.69,Electronics,3,0,Credit Card,N
O01646,C0274,2022-04-04,294.92,Food & Grocery,4,15,Apple Pay,N
O01647,C0274,2022-05-27,207.07,Clothing,2,10,Apple Pay,N
O01648,C0274,2022-05-31,405.05,Food & Grocery,3,0,Bank Transfer,N
O01649,C0274,2022-06-18,302.89,Health,2,0,PayPal,N
O01650,C0274,2022-06-22,432.75,Automotive,4,5,PayPal,N
O01651,C0274,2022-08-03,314.32,Toys,3,0,Credit Card,N
O01652,C0274,2022-08-10,439.26,Beauty,4,0,Bank Transfer,Y
O01653,C0274,2022-08-26,448.04,Sports,4,0,Debit Card,N
O01654,C0274,2022-10-11,162.25,Beauty,5,0,Credit Card,Y
O01655,C0274,2022-12-05,210.36,Clothing,3,0,Bank Transfer,N
O01656,C0274,2023-04-30,334.85,Electronics,3,15,Apple Pay,N
O01657,C0274,2023-08-13,98.45,Books,3,15,Credit Card,Y
O01658,C0274,2023-08-30,425.8,Food & Grocery,5,15,Apple Pay,N
O01659,C0274,2023-09-12,152.98,Automotive,1,0,PayPal,N
O01660,C0274,2023-09-22,337.43,Home & Garden,2,20,Debit Card,N
O01661,C0274,2023-09-23,256.22,Clothing,1,5,Credit Card,N
O01662,C0274,2023-11-16,120.94,Automotive,3,20,Debit Card,Y
O01663,C0275,2022-01-08,191.99,Home & Garden,4,0,PayPal,Y
O01664,C0275,2022-02-01,163.45,Automotive,4,0,Credit Card,N
O01665,C0275,2022-02-03,194.98,Beauty,1,0,Apple Pay,Y
O01666,C0275,2022-03-17,431.16,Clothing,5,5,Credit Card,N
O01667,C0275,2022-03-28,465.56,Home & Garden,1,0,PayPal,Y
O01668,C0275,2022-04-09,343.18,Electronics,2,20,Credit Card,N
O01669,C0275,2022-06-12,347.94,Food & Grocery,1,15,Debit Card,N
O01670,C0275,2022-07-07,431.67,Sports,2,0,Credit Card,N
O01671,C0275,2022-07-26,376.48,Home & Garden,3,0,Bank Transfer,N
O01672,C0275,2022-08-02,253.87,Sports,3,0,Debit Card,N
O01673,C0275,2022-09-14,188.93,Food & Grocery,3,0,Apple Pay,N
O01674,C0275,2022-09-22,323.05,Beauty,5,5,Debit Card,N
O01675,C0275,2022-10-28,478.86,Health,4,0,Bank Transfer,Y
O01676,C0275,2022-12-07,168.48,Toys,3,15,PayPal,N
O01677,C0275,2022-12-08,223.72,Automotive,5,20,PayPal,N
O01678,C0275,2022-12-09,295.57,Sports,3,0,Apple Pay,N
O01679,C0275,2022-12-30,93.21,Clothing,5,15,Debit Card,N
O01680,C0275,2023-01-05,138.72,Health,3,0,Bank Transfer,N
O01681,C0275,2023-01-09,356.49,Electronics,3,15,Credit Card,N
O01682,C0276,2022-04-13,148.35,Automotive,2,20,Credit Card,N
O01683,C0276,2022-07-11,419.87,Food & Grocery,5,10,Apple Pay,N
O01684,C0276,2022-11-10,278.9,Sports,3,15,PayPal,Y
O01685,C0276,2022-12-09,221.91,Toys,3,0,Debit Card,Y
O01686,C0276,2022-12-11,125.3,Toys,3,10,Apple Pay,Y
O01687,C0276,2023-01-02,91.99,Automotive,2,0,Bank Transfer,Y
O01688,C0276,2023-05-02,163.35,Health,2,0,PayPal,N
O01689,C0276,2023-10-26,487.54,Books,2,20,PayPal,N
O01690,C0277,2022-01-05,43.66,Sports,2,5,Credit Card,N
O01691,C0277,2022-01-06,56.2,Automotive,3,0,Apple Pay,N
O01692,C0277,2022-01-07,88.6,Food & Grocery,5,15,Apple Pay,N
O01693,C0277,2022-01-10,185.18,Toys,4,15,Debit Card,N
O01694,C0277,2022-01-10,95.89,Beauty,2,5,PayPal,N
O01695,C0277,2022-01-22,169.36,Toys,5,5,Bank Transfer,N
O01696,C0277,2022-01-29,88.97,Health,1,0,Bank Transfer,N
O01697,C0278,2022-01-01,66.9,Toys,1,15,Debit Card,N
O01698,C0278,2022-05-09,57.5,Electronics,2,0,Apple Pay,N
O01699,C0279,2022-01-20,57.05,Toys,4,0,PayPal,N
O01700,C0279,2022-02-24,43.34,Toys,5,20,Credit Card,N
O01701,C0280,2022-01-06,207.24,Books,1,10,Apple Pay,Y
O01702,C0280,2022-01-07,236.59,Food & Grocery,3,20,Bank Transfer,N
O01703,C0280,2022-01-28,126.9,Home & Garden,4,10,Apple Pay,N
O01704,C0280,2022-02-21,143.16,Beauty,5,0,Debit Card,Y
O01705,C0280,2022-03-07,421.39,Food & Grocery,4,0,Apple Pay,N
O01706,C0280,2022-03-24,96.73,Food & Grocery,4,0,Credit Card,Y
O01707,C0280,2022-06-13,368.28,Books,4,0,PayPal,N
O01708,C0280,2022-07-16,307.95,Home & Garden,3,0,Apple Pay,N
O01709,C0280,2022-07-25,267.64,Books,1,10,Credit Card,N
O01710,C0280,2022-07-27,387.4,Automotive,4,0,Debit Card,N
O01711,C0280,2022-08-05,304.69,Home & Garden,2,15,Apple Pay,N
O01712,C0280,2022-08-21,454.94,Beauty,4,15,Bank Transfer,N
O01713,C0280,2022-09-06,465.89,Automotive,5,5,Credit Card,N
O01714,C0280,2022-09-17,217.17,Electronics,2,10,Credit Card,N
O01715,C0280,2022-10-22,295.31,Clothing,3,15,PayPal,N
O01716,C0280,2022-12-01,248.31,Home & Garden,3,15,Credit Card,N
O01717,C0280,2022-12-02,485.37,Sports,5,0,PayPal,Y
O01718,C0280,2022-12-10,295.9,Sports,1,0,Bank Transfer,N
O01719,C0280,2022-12-18,170.39,Toys,3,15,Debit Card,N
O01720,C0280,2023-01-11,290.66,Electronics,5,5,Debit Card,N
O01721,C0281,2022-01-05,105.44,Books,3,5,Bank Transfer,N
O01722,C0281,2022-04-17,32.63,Sports,1,15,PayPal,N
O01723,C0282,2023-12-31,66.79,Food & Grocery,5,5,Bank Transfer,N
O01724,C0283,2022-01-07,84.92,Home & Garden,4,20,Apple Pay,N
O01725,C0283,2022-06-13,60.24,Home & Garden,4,0,Apple Pay,N
O01726,C0283,2022-06-24,71.16,Health,1,15,Apple Pay,Y
O01727,C0283,2022-06-25,98.72,Clothing,2,15,Bank Transfer,N
O01728,C0283,2022-06-27,40.84,Beauty,4,15,Apple Pay,N
O01729,C0284,2022-06-20,100.62,Electronics,3,10,Apple Pay,N
O01730,C0284,2022-12-27,93.8,Automotive,2,5,Bank Transfer,N
O01731,C0284,2023-03-18,46.49,Sports,2,0,Bank Transfer,N
O01732,C0284,2023-08-02,60.37,Home & Garden,4,10,Apple Pay,N
O01733,C0284,2023-10-02,157.72,Toys,5,0,PayPal,N
O01734,C0285,2022-06-10,81.4,Beauty,4,15,Debit Card,N
O01735,C0285,2022-07-01,241.01,Toys,4,5,Debit Card,N
O01736,C0285,2022-08-19,339.93,Home & Garden,5,10,Bank Transfer,N
O01737,C0285,2022-10-21,331.82,Toys,1,0,Bank Transfer,N
O01738,C0285,2022-10-23,149.91,Food & Grocery,1,0,Credit Card,Y
O01739,C0285,2022-11-22,451.08,Toys,5,10,Debit Card,N
O01740,C0285,2023-02-06,272.26,Sports,2,5,Debit Card,N
O01741,C0285,2023-02-14,135.71,Clothing,1,0,Bank Transfer,N
O01742,C0285,2023-02-18,272.86,Health,4,0,Debit Card,N
O01743,C0285,2023-04-06,290.09,Clothing,5,20,PayPal,N
O01744,C0285,2023-04-21,182.84,Clothing,1,15,Credit Card,N
O01745,C0285,2023-05-22,444.17,Food & Grocery,4,0,Apple Pay,N
O01746,C0285,2023-05-30,451.01,Automotive,1,15,Bank Transfer,Y
O01747,C0285,2023-06-30,380.2,Food & Grocery,4,20,Credit Card,N
O01748,C0285,2023-07-03,420.9,Electronics,3,5,Bank Transfer,N
O01749,C0285,2023-10-11,260.01,Clothing,1,0,PayPal,Y
O01750,C0285,2023-10-14,396.5,Clothing,2,0,Apple Pay,N
O01751,C0285,2023-12-05,139.62,Sports,4,0,PayPal,N
O01752,C0286,2022-03-17,56.78,Sports,3,0,PayPal,N
O01753,C0286,2023-04-15,43.11,Food & Grocery,3,10,PayPal,Y
O01754,C0286,2023-12-28,18.04,Home & Garden,2,10,PayPal,N
O01755,C0287,2023-01-07,75.67,Books,2,10,PayPal,N
O01756,C0287,2023-08-01,75.61,Books,2,15,Debit Card,N
O01757,C0288,2022-02-28,23.64,Sports,5,0,Debit Card,Y
O01758,C0288,2022-03-07,21.57,Beauty,5,15,Bank Transfer,N
O01759,C0288,2022-06-13,82.01,Home & Garden,3,15,Debit Card,Y
O01760,C0289,2022-02-13,89.02,Food & Grocery,2,5,Apple Pay,N
O01761,C0289,2022-04-07,71.84,Clothing,3,0,PayPal,N
O01762,C0289,2022-05-05,34.07,Books,5,20,Credit Card,N
O01763,C0289,2022-06-15,45.3,Food & Grocery,5,15,Credit Card,Y
O01764,C0289,2022-08-10,91.34,Sports,3,15,Credit Card,N
O01765,C0290,2022-01-15,105.93,Automotive,2,0,PayPal,N
O01766,C0290,2022-01-18,147.25,Sports,2,15,Apple Pay,N
O01767,C0290,2022-01-21,36.84,Health,3,10,PayPal,N
O01768,C0290,2022-03-11,156.33,Clothing,2,10,PayPal,N
O01769,C0290,2022-05-10,65.31,Sports,5,20,Bank Transfer,N
O01770,C0290,2022-05-17,108.93,Automotive,1,0,Credit Card,N
O01771,C0290,2022-05-18,111.31,Food & Grocery,1,5,Debit Card,N
O01772,C0290,2022-05-22,122.2,Sports,5,5,PayPal,Y
O01773,C0290,2022-07-09,31.63,Toys,1,15,Apple Pay,N
O01774,C0291,2022-01-01,66.12,Food & Grocery,2,0,Bank Transfer,N
O01775,C0291,2022-09-15,58.71,Books,3,20,Bank Transfer,N
O01776,C0291,2023-02-21,44.0,Automotive,5,0,Apple Pay,N
O01777,C0291,2023-04-13,98.06,Home & Garden,4,0,PayPal,Y
O01778,C0291,2023-09-22,54.99,Home & Garden,2,0,Apple Pay,N
O01779,C0292,2022-12-17,121.56,Home & Garden,2,20,Credit Card,N
O01780,C0292,2023-03-30,66.25,Automotive,3,0,Bank Transfer,N
O01781,C0292,2023-10-16,47.5,Books,5,0,Bank Transfer,N
O01782,C0292,2023-12-05,85.04,Sports,4,20,Debit Card,N
O01783,C0293,2022-05-29,268.88,Toys,5,5,Apple Pay,N
O01784,C0293,2022-08-23,400.13,Toys,1,5,PayPal,N
O01785,C0293,2022-09-27,489.49,Books,1,20,Debit Card,N
O01786,C0293,2022-10-03,358.06,Books,3,20,PayPal,N
O01787,C0293,2022-11-07,215.18,Toys,3,10,Bank Transfer,N
O01788,C0293,2022-11-10,414.94,Health,5,5,PayPal,N
O01789,C0293,2022-11-19,111.26,Home & Garden,3,15,Apple Pay,Y
O01790,C0293,2022-11-30,277.35,Electronics,4,15,Apple Pay,N
O01791,C0293,2022-12-08,197.66,Health,5,5,Credit Card,N
O01792,C0293,2022-12-29,103.57,Beauty,3,10,PayPal,N
O01793,C0293,2023-01-15,467.91,Clothing,4,0,Credit Card,N
O01794,C0293,2023-03-03,490.42,Toys,2,20,Debit Card,Y
O01795,C0293,2023-04-29,205.52,Sports,5,0,Apple Pay,N
O01796,C0293,2023-05-01,217.69,Automotive,3,10,Bank Transfer,N
O01797,C0293,2023-06-13,369.62,Home & Garden,1,20,PayPal,N
O01798,C0293,2023-09-02,460.14,Food & Grocery,2,0,PayPal,N
O01799,C0293,2023-11-01,175.63,Beauty,3,0,PayPal,N
O01800,C0294,2022-01-24,165.68,Automotive,1,10,PayPal,N
O01801,C0294,2022-05-03,126.17,Electronics,5,20,PayPal,Y
O01802,C0294,2022-05-24,113.64,Health,3,15,Credit Card,N
O01803,C0294,2023-02-10,126.1,Automotive,1,10,Debit Card,Y
O01804,C0294,2023-02-25,173.87,Clothing,5,5,Bank Transfer,N
O01805,C0294,2023-03-14,157.82,Toys,3,5,Apple Pay,N
O01806,C0294,2023-05-14,140.58,Clothing,2,15,Bank Transfer,N
O01807,C0294,2023-10-20,107.19,Toys,1,5,Bank Transfer,N
O01808,C0295,2023-02-04,16.6,Sports,3,5,Debit Card,N
O01809,C0296,2022-06-17,89.21,Sports,5,0,Bank Transfer,N
O01810,C0297,2022-01-27,120.68,Electronics,2,10,PayPal,N
O01811,C0297,2022-04-14,85.67,Beauty,2,15,Debit Card,N
O01812,C0297,2022-07-05,81.5,Toys,3,0,Debit Card,N
O01813,C0297,2022-07-31,34.64,Food & Grocery,1,20,Apple Pay,N
O01814,C0297,2022-11-12,105.47,Sports,4,0,Apple Pay,N
O01815,C0298,2022-02-17,185.26,Automotive,1,0,Debit Card,N
O01816,C0298,2022-03-05,189.92,Health,3,15,PayPal,N
O01817,C0298,2022-03-31,62.47,Clothing,5,0,Apple Pay,N
O01818,C0298,2022-07-14,116.48,Food & Grocery,1,0,Apple Pay,N
O01819,C0298,2022-09-17,98.05,Clothing,3,0,PayPal,N
O01820,C0298,2022-10-30,103.81,Books,2,15,Credit Card,N
O01821,C0298,2023-02-22,178.91,Electronics,3,15,PayPal,N
O01822,C0299,2022-01-10,105.7,Sports,3,0,Bank Transfer,N
O01823,C0299,2022-02-09,425.77,Toys,2,0,Bank Transfer,N
O01824,C0299,2022-05-12,391.63,Home & Garden,3,0,Debit Card,N
O01825,C0299,2022-05-24,288.97,Books,4,15,PayPal,N
O01826,C0299,2022-06-09,341.2,Electronics,1,0,Credit Card,N
O01827,C0299,2022-07-01,94.37,Home & Garden,4,0,Bank Transfer,N
O01828,C0299,2023-04-27,400.25,Automotive,2,0,Credit Card,N
O01829,C0299,2023-06-16,226.44,Sports,1,5,Credit Card,N
O01830,C0299,2023-08-02,486.87,Food & Grocery,4,20,Bank Transfer,N
O01831,C0299,2023-12-13,136.45,Health,1,0,Apple Pay,N
O01832,C0300,2022-04-09,296.19,Home & Garden,2,15,Credit Card,N
O01833,C0300,2022-05-09,381.25,Books,5,0,Debit Card,N
O01834,C0300,2022-07-20,185.28,Books,3,15,Apple Pay,Y
O01835,C0300,2022-08-13,298.37,Health,3,20,Debit Card,N
O01836,C0300,2023-01-10,257.25,Home & Garden,5,15,Credit Card,N
O01837,C0300,2023-05-05,345.39,Sports,2,0,Debit Card,N
O01838,C0300,2023-05-20,430.86,Sports,2,5,PayPal,N
O01839,C0300,2023-07-07,320.28,Food & Grocery,3,0,Bank Transfer,N
O01840,C0300,2023-08-08,269.88,Sports,4,10,PayPal,Y
O01841,C0300,2023-09-21,264.74,Books,5,0,PayPal,N
O01842,C0300,2023-11-04,187.22,Food & Grocery,5,5,Credit Card,N
O01843,C0300,2023-11-16,400.57,Books,1,20,PayPal,N
